ISO-10303-21;
HEADER;
FILE_DESCRIPTION(('FreeCAD Model'),'2;1');
FILE_NAME('Open CASCADE Shape Model','2026-01-23T17:24:53',('Author'),(
    ''),'Open CASCADE STEP processor 7.8','FreeCAD','Unknown');
FILE_SCHEMA(('AUTOMOTIVE_DESIGN { 1 0 10303 214 1 1 1 1 }'));
ENDSEC;
DATA;
#1 = APPLICATION_PROTOCOL_DEFINITION('international standard',
  'automotive_design',2000,#2);
#2 = APPLICATION_CONTEXT(
  'core data for automotive mechanical design processes');
#3 = SHAPE_DEFINITION_REPRESENTATION(#4,#10);
#4 = PRODUCT_DEFINITION_SHAPE('','',#5);
#5 = PRODUCT_DEFINITION('design','',#6,#9);
#6 = PRODUCT_DEFINITION_FORMATION('','',#7);
#7 = PRODUCT('Body','Body','',(#8));
#8 = PRODUCT_CONTEXT('',#2,'mechanical');
#9 = PRODUCT_DEFINITION_CONTEXT('part definition',#2,'design');
#10 = ADVANCED_BREP_SHAPE_REPRESENTATION('',(#11,#15),#2783);
#11 = AXIS2_PLACEMENT_3D('',#12,#13,#14);
#12 = CARTESIAN_POINT('',(0.,0.,0.));
#13 = DIRECTION('',(0.,0.,1.));
#14 = DIRECTION('',(1.,0.,-0.));
#15 = MANIFOLD_SOLID_BREP('',#16);
#16 = CLOSED_SHELL('',(#17,#91,#124,#155,#188,#230,#261,#292,#357,#389,
    #444,#466,#523,#548,#597,#614,#626,#643,#660,#811,#876,#901,#932,
    #965,#1007,#1038,#1069,#1134,#1166,#1221,#1243,#1300,#1325,#1374,
    #1391,#1403,#1420,#1437,#1462,#1487,#1512,#1537,#1562,#1587,#1612,
    #1637,#1662,#1687,#1741,#2069,#2094,#2119,#2144,#2169,#2194,#2219,
    #2244,#2269,#2294,#2319,#2344,#2369,#2394,#2419,#2444,#2469,#2669,
    #2681,#2693,#2705,#2717,#2739,#2761));
#17 = ADVANCED_FACE('',(#18),#86,.T.);
#18 = FACE_BOUND('',#19,.T.);
#19 = EDGE_LOOP('',(#20,#30,#38,#46,#55,#63,#71,#79));
#20 = ORIENTED_EDGE('',*,*,#21,.F.);
#21 = EDGE_CURVE('',#22,#24,#26,.T.);
#22 = VERTEX_POINT('',#23);
#23 = CARTESIAN_POINT('',(19.145849,-18.,23.));
#24 = VERTEX_POINT('',#25);
#25 = CARTESIAN_POINT('',(19.145849,-18.,3.));
#26 = LINE('',#27,#28);
#27 = CARTESIAN_POINT('',(19.145849,-18.,26.));
#28 = VECTOR('',#29,1.);
#29 = DIRECTION('',(0.,0.,-1.));
#30 = ORIENTED_EDGE('',*,*,#31,.T.);
#31 = EDGE_CURVE('',#22,#32,#34,.T.);
#32 = VERTEX_POINT('',#33);
#33 = CARTESIAN_POINT('',(19.145849,-20.,23.));
#34 = LINE('',#35,#36);
#35 = CARTESIAN_POINT('',(19.145849,-18.,23.));
#36 = VECTOR('',#37,1.);
#37 = DIRECTION('',(0.,-1.,-1.1E-16));
#38 = ORIENTED_EDGE('',*,*,#39,.T.);
#39 = EDGE_CURVE('',#32,#40,#42,.T.);
#40 = VERTEX_POINT('',#41);
#41 = CARTESIAN_POINT('',(19.145849,-20.,3.));
#42 = LINE('',#43,#44);
#43 = CARTESIAN_POINT('',(19.145849,-20.,26.));
#44 = VECTOR('',#45,1.);
#45 = DIRECTION('',(0.,0.,-1.));
#46 = ORIENTED_EDGE('',*,*,#47,.F.);
#47 = EDGE_CURVE('',#48,#40,#50,.T.);
#48 = VERTEX_POINT('',#49);
#49 = CARTESIAN_POINT('',(19.145849,-17.,0.));
#50 = CIRCLE('',#51,3.);
#51 = AXIS2_PLACEMENT_3D('',#52,#53,#54);
#52 = CARTESIAN_POINT('',(19.145849,-17.,3.));
#53 = DIRECTION('',(-1.,-0.,-0.));
#54 = DIRECTION('',(0.,0.,-1.));
#55 = ORIENTED_EDGE('',*,*,#56,.T.);
#56 = EDGE_CURVE('',#48,#57,#59,.T.);
#57 = VERTEX_POINT('',#58);
#58 = CARTESIAN_POINT('',(19.145849,-11.,0.));
#59 = LINE('',#60,#61);
#60 = CARTESIAN_POINT('',(19.145849,-17.,0.));
#61 = VECTOR('',#62,1.);
#62 = DIRECTION('',(0.,1.,0.));
#63 = ORIENTED_EDGE('',*,*,#64,.T.);
#64 = EDGE_CURVE('',#57,#65,#67,.T.);
#65 = VERTEX_POINT('',#66);
#66 = CARTESIAN_POINT('',(19.145849,-11.,2.));
#67 = LINE('',#68,#69);
#68 = CARTESIAN_POINT('',(19.145849,-11.,0.));
#69 = VECTOR('',#70,1.);
#70 = DIRECTION('',(0.,0.,1.));
#71 = ORIENTED_EDGE('',*,*,#72,.F.);
#72 = EDGE_CURVE('',#73,#65,#75,.T.);
#73 = VERTEX_POINT('',#74);
#74 = CARTESIAN_POINT('',(19.145849,-17.,2.));
#75 = LINE('',#76,#77);
#76 = CARTESIAN_POINT('',(19.145849,-17.,2.));
#77 = VECTOR('',#78,1.);
#78 = DIRECTION('',(0.,1.,0.));
#79 = ORIENTED_EDGE('',*,*,#80,.T.);
#80 = EDGE_CURVE('',#73,#24,#81,.T.);
#81 = CIRCLE('',#82,1.);
#82 = AXIS2_PLACEMENT_3D('',#83,#84,#85);
#83 = CARTESIAN_POINT('',(19.145849,-17.,3.));
#84 = DIRECTION('',(-1.,-0.,-0.));
#85 = DIRECTION('',(0.,0.,-1.));
#86 = PLANE('',#87);
#87 = AXIS2_PLACEMENT_3D('',#88,#89,#90);
#88 = CARTESIAN_POINT('',(19.145849,-17.84529918681,10.877550036463));
#89 = DIRECTION('',(1.,0.,0.));
#90 = DIRECTION('',(0.,0.,1.));
#91 = ADVANCED_FACE('',(#92),#119,.T.);
#92 = FACE_BOUND('',#93,.T.);
#93 = EDGE_LOOP('',(#94,#103,#111,#118));
#94 = ORIENTED_EDGE('',*,*,#95,.T.);
#95 = EDGE_CURVE('',#22,#96,#98,.T.);
#96 = VERTEX_POINT('',#97);
#97 = CARTESIAN_POINT('',(16.145849,-18.,26.));
#98 = CIRCLE('',#99,3.);
#99 = AXIS2_PLACEMENT_3D('',#100,#101,#102);
#100 = CARTESIAN_POINT('',(16.145849,-18.,23.));
#101 = DIRECTION('',(0.,-1.,-1.1E-16));
#102 = DIRECTION('',(0.,1.1E-16,-1.));
#103 = ORIENTED_EDGE('',*,*,#104,.T.);
#104 = EDGE_CURVE('',#96,#105,#107,.T.);
#105 = VERTEX_POINT('',#106);
#106 = CARTESIAN_POINT('',(16.145849,-20.,26.));
#107 = LINE('',#108,#109);
#108 = CARTESIAN_POINT('',(16.145849,-18.,26.));
#109 = VECTOR('',#110,1.);
#110 = DIRECTION('',(0.,-1.,-1.1E-16));
#111 = ORIENTED_EDGE('',*,*,#112,.F.);
#112 = EDGE_CURVE('',#32,#105,#113,.T.);
#113 = CIRCLE('',#114,3.);
#114 = AXIS2_PLACEMENT_3D('',#115,#116,#117);
#115 = CARTESIAN_POINT('',(16.145849,-20.,23.));
#116 = DIRECTION('',(0.,-1.,-1.1E-16));
#117 = DIRECTION('',(0.,1.1E-16,-1.));
#118 = ORIENTED_EDGE('',*,*,#31,.F.);
#119 = CYLINDRICAL_SURFACE('',#120,3.);
#120 = AXIS2_PLACEMENT_3D('',#121,#122,#123);
#121 = CARTESIAN_POINT('',(16.145849,-18.,23.));
#122 = DIRECTION('',(0.,-1.,-1.1E-16));
#123 = DIRECTION('',(1.,0.,0.));
#124 = ADVANCED_FACE('',(#125),#150,.F.);
#125 = FACE_BOUND('',#126,.F.);
#126 = EDGE_LOOP('',(#127,#135,#136,#144));
#127 = ORIENTED_EDGE('',*,*,#128,.F.);
#128 = EDGE_CURVE('',#57,#129,#131,.T.);
#129 = VERTEX_POINT('',#130);
#130 = CARTESIAN_POINT('',(25.,-11.,0.));
#131 = LINE('',#132,#133);
#132 = CARTESIAN_POINT('',(19.145849,-11.,0.));
#133 = VECTOR('',#134,1.);
#134 = DIRECTION('',(1.,0.,0.));
#135 = ORIENTED_EDGE('',*,*,#64,.T.);
#136 = ORIENTED_EDGE('',*,*,#137,.T.);
#137 = EDGE_CURVE('',#65,#138,#140,.T.);
#138 = VERTEX_POINT('',#139);
#139 = CARTESIAN_POINT('',(25.,-11.,2.));
#140 = LINE('',#141,#142);
#141 = CARTESIAN_POINT('',(19.145849,-11.,2.));
#142 = VECTOR('',#143,1.);
#143 = DIRECTION('',(1.,0.,0.));
#144 = ORIENTED_EDGE('',*,*,#145,.F.);
#145 = EDGE_CURVE('',#129,#138,#146,.T.);
#146 = LINE('',#147,#148);
#147 = CARTESIAN_POINT('',(25.,-11.,0.));
#148 = VECTOR('',#149,1.);
#149 = DIRECTION('',(0.,0.,1.));
#150 = PLANE('',#151);
#151 = AXIS2_PLACEMENT_3D('',#152,#153,#154);
#152 = CARTESIAN_POINT('',(19.145849,-11.,0.));
#153 = DIRECTION('',(0.,1.,0.));
#154 = DIRECTION('',(1.,0.,0.));
#155 = ADVANCED_FACE('',(#156),#183,.T.);
#156 = FACE_BOUND('',#157,.T.);
#157 = EDGE_LOOP('',(#158,#167,#175,#182));
#158 = ORIENTED_EDGE('',*,*,#159,.T.);
#159 = EDGE_CURVE('',#129,#160,#162,.T.);
#160 = VERTEX_POINT('',#161);
#161 = CARTESIAN_POINT('',(28.,-8.,0.));
#162 = CIRCLE('',#163,3.);
#163 = AXIS2_PLACEMENT_3D('',#164,#165,#166);
#164 = CARTESIAN_POINT('',(25.,-8.,0.));
#165 = DIRECTION('',(-0.,0.,1.));
#166 = DIRECTION('',(0.,-1.,0.));
#167 = ORIENTED_EDGE('',*,*,#168,.T.);
#168 = EDGE_CURVE('',#160,#169,#171,.T.);
#169 = VERTEX_POINT('',#170);
#170 = CARTESIAN_POINT('',(28.,-8.,2.));
#171 = LINE('',#172,#173);
#172 = CARTESIAN_POINT('',(28.,-8.,0.));
#173 = VECTOR('',#174,1.);
#174 = DIRECTION('',(0.,0.,1.));
#175 = ORIENTED_EDGE('',*,*,#176,.F.);
#176 = EDGE_CURVE('',#138,#169,#177,.T.);
#177 = CIRCLE('',#178,3.);
#178 = AXIS2_PLACEMENT_3D('',#179,#180,#181);
#179 = CARTESIAN_POINT('',(25.,-8.,2.));
#180 = DIRECTION('',(-0.,0.,1.));
#181 = DIRECTION('',(0.,-1.,0.));
#182 = ORIENTED_EDGE('',*,*,#145,.F.);
#183 = CYLINDRICAL_SURFACE('',#184,3.);
#184 = AXIS2_PLACEMENT_3D('',#185,#186,#187);
#185 = CARTESIAN_POINT('',(25.,-8.,0.));
#186 = DIRECTION('',(0.,0.,1.));
#187 = DIRECTION('',(0.,-1.,0.));
#188 = ADVANCED_FACE('',(#189),#225,.T.);
#189 = FACE_BOUND('',#190,.T.);
#190 = EDGE_LOOP('',(#191,#202,#210,#219));
#191 = ORIENTED_EDGE('',*,*,#192,.T.);
#192 = EDGE_CURVE('',#193,#195,#197,.T.);
#193 = VERTEX_POINT('',#194);
#194 = CARTESIAN_POINT('',(18.,14.,0.));
#195 = VERTEX_POINT('',#196);
#196 = CARTESIAN_POINT('',(15.,17.,0.));
#197 = CIRCLE('',#198,3.);
#198 = AXIS2_PLACEMENT_3D('',#199,#200,#201);
#199 = CARTESIAN_POINT('',(15.,14.,0.));
#200 = DIRECTION('',(-0.,0.,1.));
#201 = DIRECTION('',(0.,-1.,0.));
#202 = ORIENTED_EDGE('',*,*,#203,.T.);
#203 = EDGE_CURVE('',#195,#204,#206,.T.);
#204 = VERTEX_POINT('',#205);
#205 = CARTESIAN_POINT('',(15.,17.,2.));
#206 = LINE('',#207,#208);
#207 = CARTESIAN_POINT('',(15.,17.,0.));
#208 = VECTOR('',#209,1.);
#209 = DIRECTION('',(0.,0.,1.));
#210 = ORIENTED_EDGE('',*,*,#211,.F.);
#211 = EDGE_CURVE('',#212,#204,#214,.T.);
#212 = VERTEX_POINT('',#213);
#213 = CARTESIAN_POINT('',(18.,14.,2.));
#214 = CIRCLE('',#215,3.);
#215 = AXIS2_PLACEMENT_3D('',#216,#217,#218);
#216 = CARTESIAN_POINT('',(15.,14.,2.));
#217 = DIRECTION('',(-0.,0.,1.));
#218 = DIRECTION('',(0.,-1.,0.));
#219 = ORIENTED_EDGE('',*,*,#220,.F.);
#220 = EDGE_CURVE('',#193,#212,#221,.T.);
#221 = LINE('',#222,#223);
#222 = CARTESIAN_POINT('',(18.,14.,0.));
#223 = VECTOR('',#224,1.);
#224 = DIRECTION('',(0.,0.,1.));
#225 = CYLINDRICAL_SURFACE('',#226,3.);
#226 = AXIS2_PLACEMENT_3D('',#227,#228,#229);
#227 = CARTESIAN_POINT('',(15.,14.,0.));
#228 = DIRECTION('',(0.,0.,1.));
#229 = DIRECTION('',(1.,0.,0.));
#230 = ADVANCED_FACE('',(#231),#256,.F.);
#231 = FACE_BOUND('',#232,.F.);
#232 = EDGE_LOOP('',(#233,#241,#249,#255));
#233 = ORIENTED_EDGE('',*,*,#234,.F.);
#234 = EDGE_CURVE('',#235,#193,#237,.T.);
#235 = VERTEX_POINT('',#236);
#236 = CARTESIAN_POINT('',(18.,8.,0.));
#237 = LINE('',#238,#239);
#238 = CARTESIAN_POINT('',(18.,8.,0.));
#239 = VECTOR('',#240,1.);
#240 = DIRECTION('',(0.,1.,0.));
#241 = ORIENTED_EDGE('',*,*,#242,.T.);
#242 = EDGE_CURVE('',#235,#243,#245,.T.);
#243 = VERTEX_POINT('',#244);
#244 = CARTESIAN_POINT('',(18.,8.,2.));
#245 = LINE('',#246,#247);
#246 = CARTESIAN_POINT('',(18.,8.,0.));
#247 = VECTOR('',#248,1.);
#248 = DIRECTION('',(0.,0.,1.));
#249 = ORIENTED_EDGE('',*,*,#250,.T.);
#250 = EDGE_CURVE('',#243,#212,#251,.T.);
#251 = LINE('',#252,#253);
#252 = CARTESIAN_POINT('',(18.,8.,2.));
#253 = VECTOR('',#254,1.);
#254 = DIRECTION('',(0.,1.,0.));
#255 = ORIENTED_EDGE('',*,*,#220,.F.);
#256 = PLANE('',#257);
#257 = AXIS2_PLACEMENT_3D('',#258,#259,#260);
#258 = CARTESIAN_POINT('',(18.,8.,0.));
#259 = DIRECTION('',(-1.,0.,0.));
#260 = DIRECTION('',(0.,1.,0.));
#261 = ADVANCED_FACE('',(#262),#287,.F.);
#262 = FACE_BOUND('',#263,.F.);
#263 = EDGE_LOOP('',(#264,#274,#280,#281));
#264 = ORIENTED_EDGE('',*,*,#265,.T.);
#265 = EDGE_CURVE('',#266,#268,#270,.T.);
#266 = VERTEX_POINT('',#267);
#267 = CARTESIAN_POINT('',(20.,8.,0.));
#268 = VERTEX_POINT('',#269);
#269 = CARTESIAN_POINT('',(20.,8.,2.));
#270 = LINE('',#271,#272);
#271 = CARTESIAN_POINT('',(20.,8.,0.));
#272 = VECTOR('',#273,1.);
#273 = DIRECTION('',(0.,0.,1.));
#274 = ORIENTED_EDGE('',*,*,#275,.T.);
#275 = EDGE_CURVE('',#268,#243,#276,.T.);
#276 = LINE('',#277,#278);
#277 = CARTESIAN_POINT('',(20.,8.,2.));
#278 = VECTOR('',#279,1.);
#279 = DIRECTION('',(-1.,0.,0.));
#280 = ORIENTED_EDGE('',*,*,#242,.F.);
#281 = ORIENTED_EDGE('',*,*,#282,.F.);
#282 = EDGE_CURVE('',#266,#235,#283,.T.);
#283 = LINE('',#284,#285);
#284 = CARTESIAN_POINT('',(20.,8.,0.));
#285 = VECTOR('',#286,1.);
#286 = DIRECTION('',(-1.,0.,0.));
#287 = PLANE('',#288);
#288 = AXIS2_PLACEMENT_3D('',#289,#290,#291);
#289 = CARTESIAN_POINT('',(20.,8.,0.));
#290 = DIRECTION('',(0.,-1.,0.));
#291 = DIRECTION('',(-1.,0.,0.));
#292 = ADVANCED_FACE('',(#293),#352,.T.);
#293 = FACE_BOUND('',#294,.T.);
#294 = EDGE_LOOP('',(#295,#305,#313,#321,#330,#336,#337,#345));
#295 = ORIENTED_EDGE('',*,*,#296,.F.);
#296 = EDGE_CURVE('',#297,#299,#301,.T.);
#297 = VERTEX_POINT('',#298);
#298 = CARTESIAN_POINT('',(20.,12.,23.));
#299 = VERTEX_POINT('',#300);
#300 = CARTESIAN_POINT('',(20.,12.,3.));
#301 = LINE('',#302,#303);
#302 = CARTESIAN_POINT('',(20.,12.,26.));
#303 = VECTOR('',#304,1.);
#304 = DIRECTION('',(0.,0.,-1.));
#305 = ORIENTED_EDGE('',*,*,#306,.T.);
#306 = EDGE_CURVE('',#297,#307,#309,.T.);
#307 = VERTEX_POINT('',#308);
#308 = CARTESIAN_POINT('',(20.,14.,23.));
#309 = LINE('',#310,#311);
#310 = CARTESIAN_POINT('',(20.,12.,23.));
#311 = VECTOR('',#312,1.);
#312 = DIRECTION('',(0.,1.,-1.1E-16));
#313 = ORIENTED_EDGE('',*,*,#314,.T.);
#314 = EDGE_CURVE('',#307,#315,#317,.T.);
#315 = VERTEX_POINT('',#316);
#316 = CARTESIAN_POINT('',(20.,14.,3.));
#317 = LINE('',#318,#319);
#318 = CARTESIAN_POINT('',(20.,14.,26.));
#319 = VECTOR('',#320,1.);
#320 = DIRECTION('',(0.,0.,-1.));
#321 = ORIENTED_EDGE('',*,*,#322,.F.);
#322 = EDGE_CURVE('',#323,#315,#325,.T.);
#323 = VERTEX_POINT('',#324);
#324 = CARTESIAN_POINT('',(20.,11.,0.));
#325 = CIRCLE('',#326,3.);
#326 = AXIS2_PLACEMENT_3D('',#327,#328,#329);
#327 = CARTESIAN_POINT('',(20.,11.,3.));
#328 = DIRECTION('',(1.,-0.,0.));
#329 = DIRECTION('',(0.,0.,-1.));
#330 = ORIENTED_EDGE('',*,*,#331,.T.);
#331 = EDGE_CURVE('',#323,#266,#332,.T.);
#332 = LINE('',#333,#334);
#333 = CARTESIAN_POINT('',(20.,11.,0.));
#334 = VECTOR('',#335,1.);
#335 = DIRECTION('',(0.,-1.,0.));
#336 = ORIENTED_EDGE('',*,*,#265,.T.);
#337 = ORIENTED_EDGE('',*,*,#338,.F.);
#338 = EDGE_CURVE('',#339,#268,#341,.T.);
#339 = VERTEX_POINT('',#340);
#340 = CARTESIAN_POINT('',(20.,11.,2.));
#341 = LINE('',#342,#343);
#342 = CARTESIAN_POINT('',(20.,11.,2.));
#343 = VECTOR('',#344,1.);
#344 = DIRECTION('',(0.,-1.,0.));
#345 = ORIENTED_EDGE('',*,*,#346,.T.);
#346 = EDGE_CURVE('',#339,#299,#347,.T.);
#347 = CIRCLE('',#348,1.);
#348 = AXIS2_PLACEMENT_3D('',#349,#350,#351);
#349 = CARTESIAN_POINT('',(20.,11.,3.));
#350 = DIRECTION('',(1.,-0.,0.));
#351 = DIRECTION('',(0.,0.,-1.));
#352 = PLANE('',#353);
#353 = AXIS2_PLACEMENT_3D('',#354,#355,#356);
#354 = CARTESIAN_POINT('',(20.,12.457271233633,11.830189830966));
#355 = DIRECTION('',(-1.,-0.,-0.));
#356 = DIRECTION('',(0.,0.,-1.));
#357 = ADVANCED_FACE('',(#358),#384,.F.);
#358 = FACE_BOUND('',#359,.F.);
#359 = EDGE_LOOP('',(#360,#361,#369,#378));
#360 = ORIENTED_EDGE('',*,*,#346,.T.);
#361 = ORIENTED_EDGE('',*,*,#362,.T.);
#362 = EDGE_CURVE('',#299,#363,#365,.T.);
#363 = VERTEX_POINT('',#364);
#364 = CARTESIAN_POINT('',(28.,12.,3.));
#365 = LINE('',#366,#367);
#366 = CARTESIAN_POINT('',(20.,12.,3.));
#367 = VECTOR('',#368,1.);
#368 = DIRECTION('',(1.,0.,0.));
#369 = ORIENTED_EDGE('',*,*,#370,.F.);
#370 = EDGE_CURVE('',#371,#363,#373,.T.);
#371 = VERTEX_POINT('',#372);
#372 = CARTESIAN_POINT('',(28.,11.,2.));
#373 = CIRCLE('',#374,1.);
#374 = AXIS2_PLACEMENT_3D('',#375,#376,#377);
#375 = CARTESIAN_POINT('',(28.,11.,3.));
#376 = DIRECTION('',(1.,-0.,0.));
#377 = DIRECTION('',(0.,0.,-1.));
#378 = ORIENTED_EDGE('',*,*,#379,.T.);
#379 = EDGE_CURVE('',#371,#339,#380,.T.);
#380 = LINE('',#381,#382);
#381 = CARTESIAN_POINT('',(28.,11.,2.));
#382 = VECTOR('',#383,1.);
#383 = DIRECTION('',(-1.,0.,0.));
#384 = CYLINDRICAL_SURFACE('',#385,1.);
#385 = AXIS2_PLACEMENT_3D('',#386,#387,#388);
#386 = CARTESIAN_POINT('',(20.,11.,3.));
#387 = DIRECTION('',(1.,0.,0.));
#388 = DIRECTION('',(0.,0.,-1.));
#389 = ADVANCED_FACE('',(#390),#439,.T.);
#390 = FACE_BOUND('',#391,.T.);
#391 = EDGE_LOOP('',(#392,#402,#410,#416,#417,#423,#424,#432));
#392 = ORIENTED_EDGE('',*,*,#393,.T.);
#393 = EDGE_CURVE('',#394,#396,#398,.T.);
#394 = VERTEX_POINT('',#395);
#395 = CARTESIAN_POINT('',(28.,14.,3.));
#396 = VERTEX_POINT('',#397);
#397 = CARTESIAN_POINT('',(28.,14.,23.));
#398 = LINE('',#399,#400);
#399 = CARTESIAN_POINT('',(28.,14.,3.));
#400 = VECTOR('',#401,1.);
#401 = DIRECTION('',(0.,0.,1.));
#402 = ORIENTED_EDGE('',*,*,#403,.F.);
#403 = EDGE_CURVE('',#404,#396,#406,.T.);
#404 = VERTEX_POINT('',#405);
#405 = CARTESIAN_POINT('',(28.,12.,23.));
#406 = LINE('',#407,#408);
#407 = CARTESIAN_POINT('',(28.,12.,23.));
#408 = VECTOR('',#409,1.);
#409 = DIRECTION('',(0.,1.,-1.1E-16));
#410 = ORIENTED_EDGE('',*,*,#411,.F.);
#411 = EDGE_CURVE('',#363,#404,#412,.T.);
#412 = LINE('',#413,#414);
#413 = CARTESIAN_POINT('',(28.,12.,3.));
#414 = VECTOR('',#415,1.);
#415 = DIRECTION('',(0.,0.,1.));
#416 = ORIENTED_EDGE('',*,*,#370,.F.);
#417 = ORIENTED_EDGE('',*,*,#418,.F.);
#418 = EDGE_CURVE('',#169,#371,#419,.T.);
#419 = LINE('',#420,#421);
#420 = CARTESIAN_POINT('',(28.,-11.,2.));
#421 = VECTOR('',#422,1.);
#422 = DIRECTION('',(0.,1.,0.));
#423 = ORIENTED_EDGE('',*,*,#168,.F.);
#424 = ORIENTED_EDGE('',*,*,#425,.T.);
#425 = EDGE_CURVE('',#160,#426,#428,.T.);
#426 = VERTEX_POINT('',#427);
#427 = CARTESIAN_POINT('',(28.,11.,0.));
#428 = LINE('',#429,#430);
#429 = CARTESIAN_POINT('',(28.,-11.,0.));
#430 = VECTOR('',#431,1.);
#431 = DIRECTION('',(0.,1.,0.));
#432 = ORIENTED_EDGE('',*,*,#433,.T.);
#433 = EDGE_CURVE('',#426,#394,#434,.T.);
#434 = CIRCLE('',#435,3.);
#435 = AXIS2_PLACEMENT_3D('',#436,#437,#438);
#436 = CARTESIAN_POINT('',(28.,11.,3.));
#437 = DIRECTION('',(1.,-0.,0.));
#438 = DIRECTION('',(0.,0.,-1.));
#439 = PLANE('',#440);
#440 = AXIS2_PLACEMENT_3D('',#441,#442,#443);
#441 = CARTESIAN_POINT('',(28.,7.886364693911,8.151599672133));
#442 = DIRECTION('',(1.,0.,0.));
#443 = DIRECTION('',(0.,0.,1.));
#444 = ADVANCED_FACE('',(#445),#461,.T.);
#445 = FACE_BOUND('',#446,.F.);
#446 = EDGE_LOOP('',(#447,#448,#454,#455));
#447 = ORIENTED_EDGE('',*,*,#433,.T.);
#448 = ORIENTED_EDGE('',*,*,#449,.T.);
#449 = EDGE_CURVE('',#394,#315,#450,.T.);
#450 = LINE('',#451,#452);
#451 = CARTESIAN_POINT('',(28.,14.,3.));
#452 = VECTOR('',#453,1.);
#453 = DIRECTION('',(-1.,0.,0.));
#454 = ORIENTED_EDGE('',*,*,#322,.F.);
#455 = ORIENTED_EDGE('',*,*,#456,.F.);
#456 = EDGE_CURVE('',#426,#323,#457,.T.);
#457 = LINE('',#458,#459);
#458 = CARTESIAN_POINT('',(28.,11.,0.));
#459 = VECTOR('',#460,1.);
#460 = DIRECTION('',(-1.,0.,0.));
#461 = CYLINDRICAL_SURFACE('',#462,3.);
#462 = AXIS2_PLACEMENT_3D('',#463,#464,#465);
#463 = CARTESIAN_POINT('',(28.,11.,3.));
#464 = DIRECTION('',(-1.,0.,0.));
#465 = DIRECTION('',(0.,0.,-1.));
#466 = ADVANCED_FACE('',(#467,#496,#507),#518,.T.);
#467 = FACE_BOUND('',#468,.T.);
#468 = EDGE_LOOP('',(#469,#470,#471,#472,#481,#489));
#469 = ORIENTED_EDGE('',*,*,#296,.T.);
#470 = ORIENTED_EDGE('',*,*,#362,.T.);
#471 = ORIENTED_EDGE('',*,*,#411,.T.);
#472 = ORIENTED_EDGE('',*,*,#473,.T.);
#473 = EDGE_CURVE('',#404,#474,#476,.T.);
#474 = VERTEX_POINT('',#475);
#475 = CARTESIAN_POINT('',(25.,12.,26.));
#476 = CIRCLE('',#477,3.);
#477 = AXIS2_PLACEMENT_3D('',#478,#479,#480);
#478 = CARTESIAN_POINT('',(25.,12.,23.));
#479 = DIRECTION('',(0.,-1.,1.1E-16));
#480 = DIRECTION('',(0.,1.1E-16,1.));
#481 = ORIENTED_EDGE('',*,*,#482,.T.);
#482 = EDGE_CURVE('',#474,#483,#485,.T.);
#483 = VERTEX_POINT('',#484);
#484 = CARTESIAN_POINT('',(23.,12.,26.));
#485 = LINE('',#486,#487);
#486 = CARTESIAN_POINT('',(28.,12.,26.));
#487 = VECTOR('',#488,1.);
#488 = DIRECTION('',(-1.,0.,0.));
#489 = ORIENTED_EDGE('',*,*,#490,.F.);
#490 = EDGE_CURVE('',#297,#483,#491,.T.);
#491 = CIRCLE('',#492,3.);
#492 = AXIS2_PLACEMENT_3D('',#493,#494,#495);
#493 = CARTESIAN_POINT('',(23.,12.,23.));
#494 = DIRECTION('',(0.,1.,-1.1E-16));
#495 = DIRECTION('',(0.,1.1E-16,1.));
#496 = FACE_BOUND('',#497,.T.);
#497 = EDGE_LOOP('',(#498));
#498 = ORIENTED_EDGE('',*,*,#499,.T.);
#499 = EDGE_CURVE('',#500,#500,#502,.T.);
#500 = VERTEX_POINT('',#501);
#501 = CARTESIAN_POINT('',(22.5,12.,8.));
#502 = CIRCLE('',#503,1.5);
#503 = AXIS2_PLACEMENT_3D('',#504,#505,#506);
#504 = CARTESIAN_POINT('',(24.,12.,8.));
#505 = DIRECTION('',(0.,1.,-2.2E-16));
#506 = DIRECTION('',(-1.,0.,0.));
#507 = FACE_BOUND('',#508,.T.);
#508 = EDGE_LOOP('',(#509));
#509 = ORIENTED_EDGE('',*,*,#510,.T.);
#510 = EDGE_CURVE('',#511,#511,#513,.T.);
#511 = VERTEX_POINT('',#512);
#512 = CARTESIAN_POINT('',(22.5,12.,18.));
#513 = CIRCLE('',#514,1.5);
#514 = AXIS2_PLACEMENT_3D('',#515,#516,#517);
#515 = CARTESIAN_POINT('',(24.,12.,18.));
#516 = DIRECTION('',(0.,1.,-2.2E-16));
#517 = DIRECTION('',(-1.,0.,0.));
#518 = PLANE('',#519);
#519 = AXIS2_PLACEMENT_3D('',#520,#521,#522);
#520 = CARTESIAN_POINT('',(24.,12.,14.5));
#521 = DIRECTION('',(0.,-1.,0.));
#522 = DIRECTION('',(1.,0.,0.));
#523 = ADVANCED_FACE('',(#524),#543,.T.);
#524 = FACE_BOUND('',#525,.T.);
#525 = EDGE_LOOP('',(#526,#527,#535,#542));
#526 = ORIENTED_EDGE('',*,*,#490,.T.);
#527 = ORIENTED_EDGE('',*,*,#528,.T.);
#528 = EDGE_CURVE('',#483,#529,#531,.T.);
#529 = VERTEX_POINT('',#530);
#530 = CARTESIAN_POINT('',(23.,14.,26.));
#531 = LINE('',#532,#533);
#532 = CARTESIAN_POINT('',(23.,12.,26.));
#533 = VECTOR('',#534,1.);
#534 = DIRECTION('',(0.,1.,-1.1E-16));
#535 = ORIENTED_EDGE('',*,*,#536,.F.);
#536 = EDGE_CURVE('',#307,#529,#537,.T.);
#537 = CIRCLE('',#538,3.);
#538 = AXIS2_PLACEMENT_3D('',#539,#540,#541);
#539 = CARTESIAN_POINT('',(23.,14.,23.));
#540 = DIRECTION('',(0.,1.,-1.1E-16));
#541 = DIRECTION('',(0.,1.1E-16,1.));
#542 = ORIENTED_EDGE('',*,*,#306,.F.);
#543 = CYLINDRICAL_SURFACE('',#544,3.);
#544 = AXIS2_PLACEMENT_3D('',#545,#546,#547);
#545 = CARTESIAN_POINT('',(23.,12.,23.));
#546 = DIRECTION('',(0.,1.,-1.1E-16));
#547 = DIRECTION('',(-1.,0.,0.));
#548 = ADVANCED_FACE('',(#549,#570,#581),#592,.F.);
#549 = FACE_BOUND('',#550,.F.);
#550 = EDGE_LOOP('',(#551,#552,#561,#567,#568,#569));
#551 = ORIENTED_EDGE('',*,*,#393,.T.);
#552 = ORIENTED_EDGE('',*,*,#553,.T.);
#553 = EDGE_CURVE('',#396,#554,#556,.T.);
#554 = VERTEX_POINT('',#555);
#555 = CARTESIAN_POINT('',(25.,14.,26.));
#556 = CIRCLE('',#557,3.);
#557 = AXIS2_PLACEMENT_3D('',#558,#559,#560);
#558 = CARTESIAN_POINT('',(25.,14.,23.));
#559 = DIRECTION('',(0.,-1.,1.1E-16));
#560 = DIRECTION('',(0.,1.1E-16,1.));
#561 = ORIENTED_EDGE('',*,*,#562,.T.);
#562 = EDGE_CURVE('',#554,#529,#563,.T.);
#563 = LINE('',#564,#565);
#564 = CARTESIAN_POINT('',(28.,14.,26.));
#565 = VECTOR('',#566,1.);
#566 = DIRECTION('',(-1.,0.,0.));
#567 = ORIENTED_EDGE('',*,*,#536,.F.);
#568 = ORIENTED_EDGE('',*,*,#314,.T.);
#569 = ORIENTED_EDGE('',*,*,#449,.F.);
#570 = FACE_BOUND('',#571,.F.);
#571 = EDGE_LOOP('',(#572));
#572 = ORIENTED_EDGE('',*,*,#573,.T.);
#573 = EDGE_CURVE('',#574,#574,#576,.T.);
#574 = VERTEX_POINT('',#575);
#575 = CARTESIAN_POINT('',(22.5,14.,8.));
#576 = CIRCLE('',#577,1.5);
#577 = AXIS2_PLACEMENT_3D('',#578,#579,#580);
#578 = CARTESIAN_POINT('',(24.,14.,8.));
#579 = DIRECTION('',(0.,1.,-0.));
#580 = DIRECTION('',(-1.,0.,0.));
#581 = FACE_BOUND('',#582,.F.);
#582 = EDGE_LOOP('',(#583));
#583 = ORIENTED_EDGE('',*,*,#584,.T.);
#584 = EDGE_CURVE('',#585,#585,#587,.T.);
#585 = VERTEX_POINT('',#586);
#586 = CARTESIAN_POINT('',(22.5,14.,18.));
#587 = CIRCLE('',#588,1.5);
#588 = AXIS2_PLACEMENT_3D('',#589,#590,#591);
#589 = CARTESIAN_POINT('',(24.,14.,18.));
#590 = DIRECTION('',(0.,1.,-0.));
#591 = DIRECTION('',(-1.,0.,0.));
#592 = PLANE('',#593);
#593 = AXIS2_PLACEMENT_3D('',#594,#595,#596);
#594 = CARTESIAN_POINT('',(24.,14.,14.5));
#595 = DIRECTION('',(0.,-1.,0.));
#596 = DIRECTION('',(1.,0.,0.));
#597 = ADVANCED_FACE('',(#598),#609,.T.);
#598 = FACE_BOUND('',#599,.F.);
#599 = EDGE_LOOP('',(#600,#601,#607,#608));
#600 = ORIENTED_EDGE('',*,*,#473,.T.);
#601 = ORIENTED_EDGE('',*,*,#602,.T.);
#602 = EDGE_CURVE('',#474,#554,#603,.T.);
#603 = LINE('',#604,#605);
#604 = CARTESIAN_POINT('',(25.,12.,26.));
#605 = VECTOR('',#606,1.);
#606 = DIRECTION('',(0.,1.,-1.1E-16));
#607 = ORIENTED_EDGE('',*,*,#553,.F.);
#608 = ORIENTED_EDGE('',*,*,#403,.F.);
#609 = CYLINDRICAL_SURFACE('',#610,3.);
#610 = AXIS2_PLACEMENT_3D('',#611,#612,#613);
#611 = CARTESIAN_POINT('',(25.,12.,23.));
#612 = DIRECTION('',(0.,1.,-1.1E-16));
#613 = DIRECTION('',(1.,0.,0.));
#614 = ADVANCED_FACE('',(#615),#621,.T.);
#615 = FACE_BOUND('',#616,.T.);
#616 = EDGE_LOOP('',(#617,#618,#619,#620));
#617 = ORIENTED_EDGE('',*,*,#482,.F.);
#618 = ORIENTED_EDGE('',*,*,#602,.T.);
#619 = ORIENTED_EDGE('',*,*,#562,.T.);
#620 = ORIENTED_EDGE('',*,*,#528,.F.);
#621 = PLANE('',#622);
#622 = AXIS2_PLACEMENT_3D('',#623,#624,#625);
#623 = CARTESIAN_POINT('',(28.,12.,26.));
#624 = DIRECTION('',(0.,0.,1.));
#625 = DIRECTION('',(-1.,0.,0.));
#626 = ADVANCED_FACE('',(#627),#638,.F.);
#627 = FACE_BOUND('',#628,.F.);
#628 = EDGE_LOOP('',(#629,#635,#636,#637));
#629 = ORIENTED_EDGE('',*,*,#630,.F.);
#630 = EDGE_CURVE('',#574,#500,#631,.T.);
#631 = LINE('',#632,#633);
#632 = CARTESIAN_POINT('',(22.5,14.,8.));
#633 = VECTOR('',#634,1.);
#634 = DIRECTION('',(0.,-1.,2.2E-16));
#635 = ORIENTED_EDGE('',*,*,#573,.F.);
#636 = ORIENTED_EDGE('',*,*,#630,.T.);
#637 = ORIENTED_EDGE('',*,*,#499,.T.);
#638 = CYLINDRICAL_SURFACE('',#639,1.5);
#639 = AXIS2_PLACEMENT_3D('',#640,#641,#642);
#640 = CARTESIAN_POINT('',(24.,14.,8.));
#641 = DIRECTION('',(0.,1.,-2.2E-16));
#642 = DIRECTION('',(-1.,0.,0.));
#643 = ADVANCED_FACE('',(#644),#655,.F.);
#644 = FACE_BOUND('',#645,.F.);
#645 = EDGE_LOOP('',(#646,#652,#653,#654));
#646 = ORIENTED_EDGE('',*,*,#647,.F.);
#647 = EDGE_CURVE('',#585,#511,#648,.T.);
#648 = LINE('',#649,#650);
#649 = CARTESIAN_POINT('',(22.5,14.,18.));
#650 = VECTOR('',#651,1.);
#651 = DIRECTION('',(0.,-1.,2.2E-16));
#652 = ORIENTED_EDGE('',*,*,#584,.F.);
#653 = ORIENTED_EDGE('',*,*,#647,.T.);
#654 = ORIENTED_EDGE('',*,*,#510,.T.);
#655 = CYLINDRICAL_SURFACE('',#656,1.5);
#656 = AXIS2_PLACEMENT_3D('',#657,#658,#659);
#657 = CARTESIAN_POINT('',(24.,14.,18.));
#658 = DIRECTION('',(0.,1.,-2.2E-16));
#659 = DIRECTION('',(-1.,0.,0.));
#660 = ADVANCED_FACE('',(#661,#696,#707,#718,#729,#740,#751,#762,#773,
    #784,#795),#806,.T.);
#661 = FACE_BOUND('',#662,.T.);
#662 = EDGE_LOOP('',(#663,#664,#672,#680,#689,#695));
#663 = ORIENTED_EDGE('',*,*,#21,.T.);
#664 = ORIENTED_EDGE('',*,*,#665,.T.);
#665 = EDGE_CURVE('',#24,#666,#668,.T.);
#666 = VERTEX_POINT('',#667);
#667 = CARTESIAN_POINT('',(-19.145849,-18.,3.));
#668 = LINE('',#669,#670);
#669 = CARTESIAN_POINT('',(19.145849,-18.,3.));
#670 = VECTOR('',#671,1.);
#671 = DIRECTION('',(-1.,0.,0.));
#672 = ORIENTED_EDGE('',*,*,#673,.F.);
#673 = EDGE_CURVE('',#674,#666,#676,.T.);
#674 = VERTEX_POINT('',#675);
#675 = CARTESIAN_POINT('',(-19.145849,-18.,23.));
#676 = LINE('',#677,#678);
#677 = CARTESIAN_POINT('',(-19.145849,-18.,26.));
#678 = VECTOR('',#679,1.);
#679 = DIRECTION('',(2.2E-16,0.,-1.));
#680 = ORIENTED_EDGE('',*,*,#681,.T.);
#681 = EDGE_CURVE('',#674,#682,#684,.T.);
#682 = VERTEX_POINT('',#683);
#683 = CARTESIAN_POINT('',(-16.145849,-18.,26.));
#684 = CIRCLE('',#685,3.);
#685 = AXIS2_PLACEMENT_3D('',#686,#687,#688);
#686 = CARTESIAN_POINT('',(-16.145849,-18.,23.));
#687 = DIRECTION('',(2.2E-16,1.,1.1E-16));
#688 = DIRECTION('',(2.2E-16,1.1E-16,-1.));
#689 = ORIENTED_EDGE('',*,*,#690,.F.);
#690 = EDGE_CURVE('',#96,#682,#691,.T.);
#691 = LINE('',#692,#693);
#692 = CARTESIAN_POINT('',(-9.77E-15,-18.,26.));
#693 = VECTOR('',#694,1.);
#694 = DIRECTION('',(-1.,2.2E-16,-2.2E-16));
#695 = ORIENTED_EDGE('',*,*,#95,.F.);
#696 = FACE_BOUND('',#697,.T.);
#697 = EDGE_LOOP('',(#698));
#698 = ORIENTED_EDGE('',*,*,#699,.T.);
#699 = EDGE_CURVE('',#700,#700,#702,.T.);
#700 = VERTEX_POINT('',#701);
#701 = CARTESIAN_POINT('',(10.845849,-18.,20.));
#702 = CIRCLE('',#703,1.5);
#703 = AXIS2_PLACEMENT_3D('',#704,#705,#706);
#704 = CARTESIAN_POINT('',(9.345849,-18.,20.));
#705 = DIRECTION('',(0.,-1.,2.2E-16));
#706 = DIRECTION('',(1.,0.,0.));
#707 = FACE_BOUND('',#708,.T.);
#708 = EDGE_LOOP('',(#709));
#709 = ORIENTED_EDGE('',*,*,#710,.T.);
#710 = EDGE_CURVE('',#711,#711,#713,.T.);
#711 = VERTEX_POINT('',#712);
#712 = CARTESIAN_POINT('',(3.845849,-18.,13.));
#713 = CIRCLE('',#714,1.5);
#714 = AXIS2_PLACEMENT_3D('',#715,#716,#717);
#715 = CARTESIAN_POINT('',(2.345849,-18.,13.));
#716 = DIRECTION('',(0.,-1.,2.2E-16));
#717 = DIRECTION('',(1.,0.,0.));
#718 = FACE_BOUND('',#719,.T.);
#719 = EDGE_LOOP('',(#720));
#720 = ORIENTED_EDGE('',*,*,#721,.T.);
#721 = EDGE_CURVE('',#722,#722,#724,.T.);
#722 = VERTEX_POINT('',#723);
#723 = CARTESIAN_POINT('',(10.845849,-18.,13.));
#724 = CIRCLE('',#725,1.5);
#725 = AXIS2_PLACEMENT_3D('',#726,#727,#728);
#726 = CARTESIAN_POINT('',(9.345849,-18.,13.));
#727 = DIRECTION('',(0.,-1.,2.2E-16));
#728 = DIRECTION('',(1.,0.,0.));
#729 = FACE_BOUND('',#730,.T.);
#730 = EDGE_LOOP('',(#731));
#731 = ORIENTED_EDGE('',*,*,#732,.T.);
#732 = EDGE_CURVE('',#733,#733,#735,.T.);
#733 = VERTEX_POINT('',#734);
#734 = CARTESIAN_POINT('',(17.845849,-18.,13.));
#735 = CIRCLE('',#736,1.5);
#736 = AXIS2_PLACEMENT_3D('',#737,#738,#739);
#737 = CARTESIAN_POINT('',(16.345849,-18.,13.));
#738 = DIRECTION('',(0.,-1.,2.2E-16));
#739 = DIRECTION('',(1.,0.,0.));
#740 = FACE_BOUND('',#741,.T.);
#741 = EDGE_LOOP('',(#742));
#742 = ORIENTED_EDGE('',*,*,#743,.T.);
#743 = EDGE_CURVE('',#744,#744,#746,.T.);
#744 = VERTEX_POINT('',#745);
#745 = CARTESIAN_POINT('',(10.845849,-18.,6.));
#746 = CIRCLE('',#747,1.5);
#747 = AXIS2_PLACEMENT_3D('',#748,#749,#750);
#748 = CARTESIAN_POINT('',(9.345849,-18.,6.));
#749 = DIRECTION('',(0.,-1.,2.2E-16));
#750 = DIRECTION('',(1.,0.,0.));
#751 = FACE_BOUND('',#752,.T.);
#752 = EDGE_LOOP('',(#753));
#753 = ORIENTED_EDGE('',*,*,#754,.F.);
#754 = EDGE_CURVE('',#755,#755,#757,.T.);
#755 = VERTEX_POINT('',#756);
#756 = CARTESIAN_POINT('',(-10.845849,-18.,20.));
#757 = CIRCLE('',#758,1.5);
#758 = AXIS2_PLACEMENT_3D('',#759,#760,#761);
#759 = CARTESIAN_POINT('',(-9.345849,-18.,20.));
#760 = DIRECTION('',(2.2E-16,1.,-2.2E-16));
#761 = DIRECTION('',(-1.,2.2E-16,-2.2E-16));
#762 = FACE_BOUND('',#763,.T.);
#763 = EDGE_LOOP('',(#764));
#764 = ORIENTED_EDGE('',*,*,#765,.F.);
#765 = EDGE_CURVE('',#766,#766,#768,.T.);
#766 = VERTEX_POINT('',#767);
#767 = CARTESIAN_POINT('',(-3.845849,-18.,13.));
#768 = CIRCLE('',#769,1.5);
#769 = AXIS2_PLACEMENT_3D('',#770,#771,#772);
#770 = CARTESIAN_POINT('',(-2.345849,-18.,13.));
#771 = DIRECTION('',(2.2E-16,1.,-2.2E-16));
#772 = DIRECTION('',(-1.,2.2E-16,-2.2E-16));
#773 = FACE_BOUND('',#774,.T.);
#774 = EDGE_LOOP('',(#775));
#775 = ORIENTED_EDGE('',*,*,#776,.F.);
#776 = EDGE_CURVE('',#777,#777,#779,.T.);
#777 = VERTEX_POINT('',#778);
#778 = CARTESIAN_POINT('',(-10.845849,-18.,13.));
#779 = CIRCLE('',#780,1.5);
#780 = AXIS2_PLACEMENT_3D('',#781,#782,#783);
#781 = CARTESIAN_POINT('',(-9.345849,-18.,13.));
#782 = DIRECTION('',(2.2E-16,1.,-2.2E-16));
#783 = DIRECTION('',(-1.,2.2E-16,-2.2E-16));
#784 = FACE_BOUND('',#785,.T.);
#785 = EDGE_LOOP('',(#786));
#786 = ORIENTED_EDGE('',*,*,#787,.F.);
#787 = EDGE_CURVE('',#788,#788,#790,.T.);
#788 = VERTEX_POINT('',#789);
#789 = CARTESIAN_POINT('',(-17.845849,-18.,13.));
#790 = CIRCLE('',#791,1.5);
#791 = AXIS2_PLACEMENT_3D('',#792,#793,#794);
#792 = CARTESIAN_POINT('',(-16.345849,-18.,13.));
#793 = DIRECTION('',(2.2E-16,1.,-2.2E-16));
#794 = DIRECTION('',(-1.,2.2E-16,-2.2E-16));
#795 = FACE_BOUND('',#796,.T.);
#796 = EDGE_LOOP('',(#797));
#797 = ORIENTED_EDGE('',*,*,#798,.F.);
#798 = EDGE_CURVE('',#799,#799,#801,.T.);
#799 = VERTEX_POINT('',#800);
#800 = CARTESIAN_POINT('',(-10.845849,-18.,6.));
#801 = CIRCLE('',#802,1.5);
#802 = AXIS2_PLACEMENT_3D('',#803,#804,#805);
#803 = CARTESIAN_POINT('',(-9.345849,-18.,6.));
#804 = DIRECTION('',(2.2E-16,1.,-2.2E-16));
#805 = DIRECTION('',(-1.,2.2E-16,-2.2E-16));
#806 = PLANE('',#807);
#807 = AXIS2_PLACEMENT_3D('',#808,#809,#810);
#808 = CARTESIAN_POINT('',(-3.16E-15,-18.,14.22965413693));
#809 = DIRECTION('',(0.,1.,0.));
#810 = DIRECTION('',(0.,-0.,1.));
#811 = ADVANCED_FACE('',(#812),#871,.T.);
#812 = FACE_BOUND('',#813,.F.);
#813 = EDGE_LOOP('',(#814,#815,#823,#831,#840,#848,#856,#864));
#814 = ORIENTED_EDGE('',*,*,#673,.F.);
#815 = ORIENTED_EDGE('',*,*,#816,.T.);
#816 = EDGE_CURVE('',#674,#817,#819,.T.);
#817 = VERTEX_POINT('',#818);
#818 = CARTESIAN_POINT('',(-19.145849,-20.,23.));
#819 = LINE('',#820,#821);
#820 = CARTESIAN_POINT('',(-19.145849,-18.,23.));
#821 = VECTOR('',#822,1.);
#822 = DIRECTION('',(-2.2E-16,-1.,-1.1E-16));
#823 = ORIENTED_EDGE('',*,*,#824,.T.);
#824 = EDGE_CURVE('',#817,#825,#827,.T.);
#825 = VERTEX_POINT('',#826);
#826 = CARTESIAN_POINT('',(-19.145849,-20.,3.));
#827 = LINE('',#828,#829);
#828 = CARTESIAN_POINT('',(-19.145849,-20.,26.));
#829 = VECTOR('',#830,1.);
#830 = DIRECTION('',(2.2E-16,0.,-1.));
#831 = ORIENTED_EDGE('',*,*,#832,.F.);
#832 = EDGE_CURVE('',#833,#825,#835,.T.);
#833 = VERTEX_POINT('',#834);
#834 = CARTESIAN_POINT('',(-19.145849,-17.,-4.E-15));
#835 = CIRCLE('',#836,3.);
#836 = AXIS2_PLACEMENT_3D('',#837,#838,#839);
#837 = CARTESIAN_POINT('',(-19.145849,-17.,3.));
#838 = DIRECTION('',(-1.,2.2E-16,-2.2E-16));
#839 = DIRECTION('',(2.2E-16,0.,-1.));
#840 = ORIENTED_EDGE('',*,*,#841,.T.);
#841 = EDGE_CURVE('',#833,#842,#844,.T.);
#842 = VERTEX_POINT('',#843);
#843 = CARTESIAN_POINT('',(-19.145849,-11.,-4.E-15));
#844 = LINE('',#845,#846);
#845 = CARTESIAN_POINT('',(-19.145849,-17.,-4.25E-15));
#846 = VECTOR('',#847,1.);
#847 = DIRECTION('',(2.2E-16,1.,0.));
#848 = ORIENTED_EDGE('',*,*,#849,.T.);
#849 = EDGE_CURVE('',#842,#850,#852,.T.);
#850 = VERTEX_POINT('',#851);
#851 = CARTESIAN_POINT('',(-19.145849,-11.,2.));
#852 = LINE('',#853,#854);
#853 = CARTESIAN_POINT('',(-19.145849,-11.,-4.25E-15));
#854 = VECTOR('',#855,1.);
#855 = DIRECTION('',(-2.2E-16,0.,1.));
#856 = ORIENTED_EDGE('',*,*,#857,.F.);
#857 = EDGE_CURVE('',#858,#850,#860,.T.);
#858 = VERTEX_POINT('',#859);
#859 = CARTESIAN_POINT('',(-19.145849,-17.,2.));
#860 = LINE('',#861,#862);
#861 = CARTESIAN_POINT('',(-19.145849,-17.,2.));
#862 = VECTOR('',#863,1.);
#863 = DIRECTION('',(2.2E-16,1.,0.));
#864 = ORIENTED_EDGE('',*,*,#865,.T.);
#865 = EDGE_CURVE('',#858,#666,#866,.T.);
#866 = CIRCLE('',#867,1.);
#867 = AXIS2_PLACEMENT_3D('',#868,#869,#870);
#868 = CARTESIAN_POINT('',(-19.145849,-17.,3.));
#869 = DIRECTION('',(-1.,2.2E-16,-2.2E-16));
#870 = DIRECTION('',(2.2E-16,0.,-1.));
#871 = PLANE('',#872);
#872 = AXIS2_PLACEMENT_3D('',#873,#874,#875);
#873 = CARTESIAN_POINT('',(-19.145849,-17.84529918681,10.877550036463));
#874 = DIRECTION('',(-1.,2.2E-16,-2.2E-16));
#875 = DIRECTION('',(2.2E-16,0.,-1.));
#876 = ADVANCED_FACE('',(#877),#896,.T.);
#877 = FACE_BOUND('',#878,.F.);
#878 = EDGE_LOOP('',(#879,#880,#888,#895));
#879 = ORIENTED_EDGE('',*,*,#681,.T.);
#880 = ORIENTED_EDGE('',*,*,#881,.T.);
#881 = EDGE_CURVE('',#682,#882,#884,.T.);
#882 = VERTEX_POINT('',#883);
#883 = CARTESIAN_POINT('',(-16.145849,-20.,26.));
#884 = LINE('',#885,#886);
#885 = CARTESIAN_POINT('',(-16.145849,-18.,26.));
#886 = VECTOR('',#887,1.);
#887 = DIRECTION('',(-2.2E-16,-1.,-1.1E-16));
#888 = ORIENTED_EDGE('',*,*,#889,.F.);
#889 = EDGE_CURVE('',#817,#882,#890,.T.);
#890 = CIRCLE('',#891,3.);
#891 = AXIS2_PLACEMENT_3D('',#892,#893,#894);
#892 = CARTESIAN_POINT('',(-16.145849,-20.,23.));
#893 = DIRECTION('',(2.2E-16,1.,1.1E-16));
#894 = DIRECTION('',(2.2E-16,1.1E-16,-1.));
#895 = ORIENTED_EDGE('',*,*,#816,.F.);
#896 = CYLINDRICAL_SURFACE('',#897,3.);
#897 = AXIS2_PLACEMENT_3D('',#898,#899,#900);
#898 = CARTESIAN_POINT('',(-16.145849,-18.,23.));
#899 = DIRECTION('',(-2.2E-16,-1.,-1.1E-16));
#900 = DIRECTION('',(-1.,2.2E-16,-2.2E-16));
#901 = ADVANCED_FACE('',(#902),#927,.F.);
#902 = FACE_BOUND('',#903,.T.);
#903 = EDGE_LOOP('',(#904,#912,#913,#921));
#904 = ORIENTED_EDGE('',*,*,#905,.F.);
#905 = EDGE_CURVE('',#842,#906,#908,.T.);
#906 = VERTEX_POINT('',#907);
#907 = CARTESIAN_POINT('',(-25.,-11.,-6.E-15));
#908 = LINE('',#909,#910);
#909 = CARTESIAN_POINT('',(-19.145849,-11.,-4.25E-15));
#910 = VECTOR('',#911,1.);
#911 = DIRECTION('',(-1.,2.2E-16,-2.2E-16));
#912 = ORIENTED_EDGE('',*,*,#849,.T.);
#913 = ORIENTED_EDGE('',*,*,#914,.T.);
#914 = EDGE_CURVE('',#850,#915,#917,.T.);
#915 = VERTEX_POINT('',#916);
#916 = CARTESIAN_POINT('',(-25.,-11.,2.));
#917 = LINE('',#918,#919);
#918 = CARTESIAN_POINT('',(-19.145849,-11.,2.));
#919 = VECTOR('',#920,1.);
#920 = DIRECTION('',(-1.,2.2E-16,-2.2E-16));
#921 = ORIENTED_EDGE('',*,*,#922,.F.);
#922 = EDGE_CURVE('',#906,#915,#923,.T.);
#923 = LINE('',#924,#925);
#924 = CARTESIAN_POINT('',(-25.,-11.,-5.55E-15));
#925 = VECTOR('',#926,1.);
#926 = DIRECTION('',(-2.2E-16,0.,1.));
#927 = PLANE('',#928);
#928 = AXIS2_PLACEMENT_3D('',#929,#930,#931);
#929 = CARTESIAN_POINT('',(-19.145849,-11.,-4.25E-15));
#930 = DIRECTION('',(2.2E-16,1.,0.));
#931 = DIRECTION('',(1.,-2.2E-16,2.2E-16));
#932 = ADVANCED_FACE('',(#933),#960,.T.);
#933 = FACE_BOUND('',#934,.F.);
#934 = EDGE_LOOP('',(#935,#944,#952,#959));
#935 = ORIENTED_EDGE('',*,*,#936,.T.);
#936 = EDGE_CURVE('',#906,#937,#939,.T.);
#937 = VERTEX_POINT('',#938);
#938 = CARTESIAN_POINT('',(-28.,-8.,-6.E-15));
#939 = CIRCLE('',#940,3.);
#940 = AXIS2_PLACEMENT_3D('',#941,#942,#943);
#941 = CARTESIAN_POINT('',(-25.,-8.,-5.55E-15));
#942 = DIRECTION('',(2.2E-16,0.,-1.));
#943 = DIRECTION('',(-2.2E-16,-1.,-4.84E-32));
#944 = ORIENTED_EDGE('',*,*,#945,.T.);
#945 = EDGE_CURVE('',#937,#946,#948,.T.);
#946 = VERTEX_POINT('',#947);
#947 = CARTESIAN_POINT('',(-28.,-8.,2.));
#948 = LINE('',#949,#950);
#949 = CARTESIAN_POINT('',(-28.,-8.,-6.22E-15));
#950 = VECTOR('',#951,1.);
#951 = DIRECTION('',(-2.2E-16,0.,1.));
#952 = ORIENTED_EDGE('',*,*,#953,.F.);
#953 = EDGE_CURVE('',#915,#946,#954,.T.);
#954 = CIRCLE('',#955,3.);
#955 = AXIS2_PLACEMENT_3D('',#956,#957,#958);
#956 = CARTESIAN_POINT('',(-25.,-8.,2.));
#957 = DIRECTION('',(2.2E-16,0.,-1.));
#958 = DIRECTION('',(-2.2E-16,-1.,-4.84E-32));
#959 = ORIENTED_EDGE('',*,*,#922,.F.);
#960 = CYLINDRICAL_SURFACE('',#961,3.);
#961 = AXIS2_PLACEMENT_3D('',#962,#963,#964);
#962 = CARTESIAN_POINT('',(-25.,-8.,-5.55E-15));
#963 = DIRECTION('',(-2.2E-16,0.,1.));
#964 = DIRECTION('',(-2.2E-16,-1.,-4.84E-32));
#965 = ADVANCED_FACE('',(#966),#1002,.T.);
#966 = FACE_BOUND('',#967,.F.);
#967 = EDGE_LOOP('',(#968,#979,#987,#996));
#968 = ORIENTED_EDGE('',*,*,#969,.T.);
#969 = EDGE_CURVE('',#970,#972,#974,.T.);
#970 = VERTEX_POINT('',#971);
#971 = CARTESIAN_POINT('',(-18.,14.,-4.E-15));
#972 = VERTEX_POINT('',#973);
#973 = CARTESIAN_POINT('',(-15.,17.,-3.E-15));
#974 = CIRCLE('',#975,3.);
#975 = AXIS2_PLACEMENT_3D('',#976,#977,#978);
#976 = CARTESIAN_POINT('',(-15.,14.,-3.33E-15));
#977 = DIRECTION('',(2.2E-16,0.,-1.));
#978 = DIRECTION('',(-2.2E-16,-1.,-4.84E-32));
#979 = ORIENTED_EDGE('',*,*,#980,.T.);
#980 = EDGE_CURVE('',#972,#981,#983,.T.);
#981 = VERTEX_POINT('',#982);
#982 = CARTESIAN_POINT('',(-15.,17.,2.));
#983 = LINE('',#984,#985);
#984 = CARTESIAN_POINT('',(-15.,17.,-3.33E-15));
#985 = VECTOR('',#986,1.);
#986 = DIRECTION('',(-2.2E-16,0.,1.));
#987 = ORIENTED_EDGE('',*,*,#988,.F.);
#988 = EDGE_CURVE('',#989,#981,#991,.T.);
#989 = VERTEX_POINT('',#990);
#990 = CARTESIAN_POINT('',(-18.,14.,2.));
#991 = CIRCLE('',#992,3.);
#992 = AXIS2_PLACEMENT_3D('',#993,#994,#995);
#993 = CARTESIAN_POINT('',(-15.,14.,2.));
#994 = DIRECTION('',(2.2E-16,0.,-1.));
#995 = DIRECTION('',(-2.2E-16,-1.,-4.84E-32));
#996 = ORIENTED_EDGE('',*,*,#997,.F.);
#997 = EDGE_CURVE('',#970,#989,#998,.T.);
#998 = LINE('',#999,#1000);
#999 = CARTESIAN_POINT('',(-18.,14.,-4.E-15));
#1000 = VECTOR('',#1001,1.);
#1001 = DIRECTION('',(-2.2E-16,0.,1.));
#1002 = CYLINDRICAL_SURFACE('',#1003,3.);
#1003 = AXIS2_PLACEMENT_3D('',#1004,#1005,#1006);
#1004 = CARTESIAN_POINT('',(-15.,14.,-3.33E-15));
#1005 = DIRECTION('',(-2.2E-16,0.,1.));
#1006 = DIRECTION('',(-1.,2.2E-16,-2.2E-16));
#1007 = ADVANCED_FACE('',(#1008),#1033,.F.);
#1008 = FACE_BOUND('',#1009,.T.);
#1009 = EDGE_LOOP('',(#1010,#1018,#1026,#1032));
#1010 = ORIENTED_EDGE('',*,*,#1011,.F.);
#1011 = EDGE_CURVE('',#1012,#970,#1014,.T.);
#1012 = VERTEX_POINT('',#1013);
#1013 = CARTESIAN_POINT('',(-18.,8.,-4.E-15));
#1014 = LINE('',#1015,#1016);
#1015 = CARTESIAN_POINT('',(-18.,8.,-4.E-15));
#1016 = VECTOR('',#1017,1.);
#1017 = DIRECTION('',(2.2E-16,1.,0.));
#1018 = ORIENTED_EDGE('',*,*,#1019,.T.);
#1019 = EDGE_CURVE('',#1012,#1020,#1022,.T.);
#1020 = VERTEX_POINT('',#1021);
#1021 = CARTESIAN_POINT('',(-18.,8.,2.));
#1022 = LINE('',#1023,#1024);
#1023 = CARTESIAN_POINT('',(-18.,8.,-4.E-15));
#1024 = VECTOR('',#1025,1.);
#1025 = DIRECTION('',(-2.2E-16,0.,1.));
#1026 = ORIENTED_EDGE('',*,*,#1027,.T.);
#1027 = EDGE_CURVE('',#1020,#989,#1028,.T.);
#1028 = LINE('',#1029,#1030);
#1029 = CARTESIAN_POINT('',(-18.,8.,2.));
#1030 = VECTOR('',#1031,1.);
#1031 = DIRECTION('',(2.2E-16,1.,0.));
#1032 = ORIENTED_EDGE('',*,*,#997,.F.);
#1033 = PLANE('',#1034);
#1034 = AXIS2_PLACEMENT_3D('',#1035,#1036,#1037);
#1035 = CARTESIAN_POINT('',(-18.,8.,-4.E-15));
#1036 = DIRECTION('',(1.,-2.2E-16,2.2E-16));
#1037 = DIRECTION('',(-2.2E-16,-1.,-0.));
#1038 = ADVANCED_FACE('',(#1039),#1064,.F.);
#1039 = FACE_BOUND('',#1040,.T.);
#1040 = EDGE_LOOP('',(#1041,#1051,#1057,#1058));
#1041 = ORIENTED_EDGE('',*,*,#1042,.T.);
#1042 = EDGE_CURVE('',#1043,#1045,#1047,.T.);
#1043 = VERTEX_POINT('',#1044);
#1044 = CARTESIAN_POINT('',(-20.,8.,-4.E-15));
#1045 = VERTEX_POINT('',#1046);
#1046 = CARTESIAN_POINT('',(-20.,8.,2.));
#1047 = LINE('',#1048,#1049);
#1048 = CARTESIAN_POINT('',(-20.,8.,-4.44E-15));
#1049 = VECTOR('',#1050,1.);
#1050 = DIRECTION('',(-2.2E-16,0.,1.));
#1051 = ORIENTED_EDGE('',*,*,#1052,.T.);
#1052 = EDGE_CURVE('',#1045,#1020,#1053,.T.);
#1053 = LINE('',#1054,#1055);
#1054 = CARTESIAN_POINT('',(-20.,8.,2.));
#1055 = VECTOR('',#1056,1.);
#1056 = DIRECTION('',(1.,-2.2E-16,2.2E-16));
#1057 = ORIENTED_EDGE('',*,*,#1019,.F.);
#1058 = ORIENTED_EDGE('',*,*,#1059,.F.);
#1059 = EDGE_CURVE('',#1043,#1012,#1060,.T.);
#1060 = LINE('',#1061,#1062);
#1061 = CARTESIAN_POINT('',(-20.,8.,-4.44E-15));
#1062 = VECTOR('',#1063,1.);
#1063 = DIRECTION('',(1.,-2.2E-16,2.2E-16));
#1064 = PLANE('',#1065);
#1065 = AXIS2_PLACEMENT_3D('',#1066,#1067,#1068);
#1066 = CARTESIAN_POINT('',(-20.,8.,-4.44E-15));
#1067 = DIRECTION('',(-2.2E-16,-1.,-0.));
#1068 = DIRECTION('',(-1.,2.2E-16,-2.2E-16));
#1069 = ADVANCED_FACE('',(#1070),#1129,.T.);
#1070 = FACE_BOUND('',#1071,.F.);
#1071 = EDGE_LOOP('',(#1072,#1082,#1090,#1098,#1107,#1113,#1114,#1122));
#1072 = ORIENTED_EDGE('',*,*,#1073,.F.);
#1073 = EDGE_CURVE('',#1074,#1076,#1078,.T.);
#1074 = VERTEX_POINT('',#1075);
#1075 = CARTESIAN_POINT('',(-20.,12.,23.));
#1076 = VERTEX_POINT('',#1077);
#1077 = CARTESIAN_POINT('',(-20.,12.,3.));
#1078 = LINE('',#1079,#1080);
#1079 = CARTESIAN_POINT('',(-20.,12.,26.));
#1080 = VECTOR('',#1081,1.);
#1081 = DIRECTION('',(2.2E-16,0.,-1.));
#1082 = ORIENTED_EDGE('',*,*,#1083,.T.);
#1083 = EDGE_CURVE('',#1074,#1084,#1086,.T.);
#1084 = VERTEX_POINT('',#1085);
#1085 = CARTESIAN_POINT('',(-20.,14.,23.));
#1086 = LINE('',#1087,#1088);
#1087 = CARTESIAN_POINT('',(-20.,12.,23.));
#1088 = VECTOR('',#1089,1.);
#1089 = DIRECTION('',(2.2E-16,1.,-1.1E-16));
#1090 = ORIENTED_EDGE('',*,*,#1091,.T.);
#1091 = EDGE_CURVE('',#1084,#1092,#1094,.T.);
#1092 = VERTEX_POINT('',#1093);
#1093 = CARTESIAN_POINT('',(-20.,14.,3.));
#1094 = LINE('',#1095,#1096);
#1095 = CARTESIAN_POINT('',(-20.,14.,26.));
#1096 = VECTOR('',#1097,1.);
#1097 = DIRECTION('',(2.2E-16,0.,-1.));
#1098 = ORIENTED_EDGE('',*,*,#1099,.F.);
#1099 = EDGE_CURVE('',#1100,#1092,#1102,.T.);
#1100 = VERTEX_POINT('',#1101);
#1101 = CARTESIAN_POINT('',(-20.,11.,-4.E-15));
#1102 = CIRCLE('',#1103,3.);
#1103 = AXIS2_PLACEMENT_3D('',#1104,#1105,#1106);
#1104 = CARTESIAN_POINT('',(-20.,11.,3.));
#1105 = DIRECTION('',(1.,-2.2E-16,2.2E-16));
#1106 = DIRECTION('',(2.2E-16,0.,-1.));
#1107 = ORIENTED_EDGE('',*,*,#1108,.T.);
#1108 = EDGE_CURVE('',#1100,#1043,#1109,.T.);
#1109 = LINE('',#1110,#1111);
#1110 = CARTESIAN_POINT('',(-20.,11.,-4.44E-15));
#1111 = VECTOR('',#1112,1.);
#1112 = DIRECTION('',(-2.2E-16,-1.,-0.));
#1113 = ORIENTED_EDGE('',*,*,#1042,.T.);
#1114 = ORIENTED_EDGE('',*,*,#1115,.F.);
#1115 = EDGE_CURVE('',#1116,#1045,#1118,.T.);
#1116 = VERTEX_POINT('',#1117);
#1117 = CARTESIAN_POINT('',(-20.,11.,2.));
#1118 = LINE('',#1119,#1120);
#1119 = CARTESIAN_POINT('',(-20.,11.,2.));
#1120 = VECTOR('',#1121,1.);
#1121 = DIRECTION('',(-2.2E-16,-1.,-0.));
#1122 = ORIENTED_EDGE('',*,*,#1123,.T.);
#1123 = EDGE_CURVE('',#1116,#1076,#1124,.T.);
#1124 = CIRCLE('',#1125,1.);
#1125 = AXIS2_PLACEMENT_3D('',#1126,#1127,#1128);
#1126 = CARTESIAN_POINT('',(-20.,11.,3.));
#1127 = DIRECTION('',(1.,-2.2E-16,2.2E-16));
#1128 = DIRECTION('',(2.2E-16,0.,-1.));
#1129 = PLANE('',#1130);
#1130 = AXIS2_PLACEMENT_3D('',#1131,#1132,#1133);
#1131 = CARTESIAN_POINT('',(-20.,12.457271233633,11.830189830966));
#1132 = DIRECTION('',(1.,-2.2E-16,2.2E-16));
#1133 = DIRECTION('',(-2.2E-16,0.,1.));
#1134 = ADVANCED_FACE('',(#1135),#1161,.F.);
#1135 = FACE_BOUND('',#1136,.T.);
#1136 = EDGE_LOOP('',(#1137,#1138,#1146,#1155));
#1137 = ORIENTED_EDGE('',*,*,#1123,.T.);
#1138 = ORIENTED_EDGE('',*,*,#1139,.T.);
#1139 = EDGE_CURVE('',#1076,#1140,#1142,.T.);
#1140 = VERTEX_POINT('',#1141);
#1141 = CARTESIAN_POINT('',(-28.,12.,3.));
#1142 = LINE('',#1143,#1144);
#1143 = CARTESIAN_POINT('',(-20.,12.,3.));
#1144 = VECTOR('',#1145,1.);
#1145 = DIRECTION('',(-1.,2.2E-16,-2.2E-16));
#1146 = ORIENTED_EDGE('',*,*,#1147,.F.);
#1147 = EDGE_CURVE('',#1148,#1140,#1150,.T.);
#1148 = VERTEX_POINT('',#1149);
#1149 = CARTESIAN_POINT('',(-28.,11.,2.));
#1150 = CIRCLE('',#1151,1.);
#1151 = AXIS2_PLACEMENT_3D('',#1152,#1153,#1154);
#1152 = CARTESIAN_POINT('',(-28.,11.,3.));
#1153 = DIRECTION('',(1.,-2.2E-16,2.2E-16));
#1154 = DIRECTION('',(2.2E-16,0.,-1.));
#1155 = ORIENTED_EDGE('',*,*,#1156,.T.);
#1156 = EDGE_CURVE('',#1148,#1116,#1157,.T.);
#1157 = LINE('',#1158,#1159);
#1158 = CARTESIAN_POINT('',(-28.,11.,2.));
#1159 = VECTOR('',#1160,1.);
#1160 = DIRECTION('',(1.,-2.2E-16,2.2E-16));
#1161 = CYLINDRICAL_SURFACE('',#1162,1.);
#1162 = AXIS2_PLACEMENT_3D('',#1163,#1164,#1165);
#1163 = CARTESIAN_POINT('',(-20.,11.,3.));
#1164 = DIRECTION('',(-1.,2.2E-16,-2.2E-16));
#1165 = DIRECTION('',(2.2E-16,0.,-1.));
#1166 = ADVANCED_FACE('',(#1167),#1216,.T.);
#1167 = FACE_BOUND('',#1168,.F.);
#1168 = EDGE_LOOP('',(#1169,#1179,#1187,#1193,#1194,#1200,#1201,#1209));
#1169 = ORIENTED_EDGE('',*,*,#1170,.T.);
#1170 = EDGE_CURVE('',#1171,#1173,#1175,.T.);
#1171 = VERTEX_POINT('',#1172);
#1172 = CARTESIAN_POINT('',(-28.,14.,3.));
#1173 = VERTEX_POINT('',#1174);
#1174 = CARTESIAN_POINT('',(-28.,14.,23.));
#1175 = LINE('',#1176,#1177);
#1176 = CARTESIAN_POINT('',(-28.,14.,3.));
#1177 = VECTOR('',#1178,1.);
#1178 = DIRECTION('',(-2.2E-16,0.,1.));
#1179 = ORIENTED_EDGE('',*,*,#1180,.F.);
#1180 = EDGE_CURVE('',#1181,#1173,#1183,.T.);
#1181 = VERTEX_POINT('',#1182);
#1182 = CARTESIAN_POINT('',(-28.,12.,23.));
#1183 = LINE('',#1184,#1185);
#1184 = CARTESIAN_POINT('',(-28.,12.,23.));
#1185 = VECTOR('',#1186,1.);
#1186 = DIRECTION('',(2.2E-16,1.,-1.1E-16));
#1187 = ORIENTED_EDGE('',*,*,#1188,.F.);
#1188 = EDGE_CURVE('',#1140,#1181,#1189,.T.);
#1189 = LINE('',#1190,#1191);
#1190 = CARTESIAN_POINT('',(-28.,12.,3.));
#1191 = VECTOR('',#1192,1.);
#1192 = DIRECTION('',(-2.2E-16,0.,1.));
#1193 = ORIENTED_EDGE('',*,*,#1147,.F.);
#1194 = ORIENTED_EDGE('',*,*,#1195,.F.);
#1195 = EDGE_CURVE('',#946,#1148,#1196,.T.);
#1196 = LINE('',#1197,#1198);
#1197 = CARTESIAN_POINT('',(-28.,-11.,2.));
#1198 = VECTOR('',#1199,1.);
#1199 = DIRECTION('',(2.2E-16,1.,0.));
#1200 = ORIENTED_EDGE('',*,*,#945,.F.);
#1201 = ORIENTED_EDGE('',*,*,#1202,.T.);
#1202 = EDGE_CURVE('',#937,#1203,#1205,.T.);
#1203 = VERTEX_POINT('',#1204);
#1204 = CARTESIAN_POINT('',(-28.,11.,-6.E-15));
#1205 = LINE('',#1206,#1207);
#1206 = CARTESIAN_POINT('',(-28.,-11.,-6.22E-15));
#1207 = VECTOR('',#1208,1.);
#1208 = DIRECTION('',(2.2E-16,1.,0.));
#1209 = ORIENTED_EDGE('',*,*,#1210,.T.);
#1210 = EDGE_CURVE('',#1203,#1171,#1211,.T.);
#1211 = CIRCLE('',#1212,3.);
#1212 = AXIS2_PLACEMENT_3D('',#1213,#1214,#1215);
#1213 = CARTESIAN_POINT('',(-28.,11.,3.));
#1214 = DIRECTION('',(1.,-2.2E-16,2.2E-16));
#1215 = DIRECTION('',(2.2E-16,0.,-1.));
#1216 = PLANE('',#1217);
#1217 = AXIS2_PLACEMENT_3D('',#1218,#1219,#1220);
#1218 = CARTESIAN_POINT('',(-28.,7.886364693911,8.151599672133));
#1219 = DIRECTION('',(-1.,2.2E-16,-2.2E-16));
#1220 = DIRECTION('',(2.2E-16,0.,-1.));
#1221 = ADVANCED_FACE('',(#1222),#1238,.T.);
#1222 = FACE_BOUND('',#1223,.T.);
#1223 = EDGE_LOOP('',(#1224,#1225,#1231,#1232));
#1224 = ORIENTED_EDGE('',*,*,#1210,.T.);
#1225 = ORIENTED_EDGE('',*,*,#1226,.T.);
#1226 = EDGE_CURVE('',#1171,#1092,#1227,.T.);
#1227 = LINE('',#1228,#1229);
#1228 = CARTESIAN_POINT('',(-28.,14.,3.));
#1229 = VECTOR('',#1230,1.);
#1230 = DIRECTION('',(1.,-2.2E-16,2.2E-16));
#1231 = ORIENTED_EDGE('',*,*,#1099,.F.);
#1232 = ORIENTED_EDGE('',*,*,#1233,.F.);
#1233 = EDGE_CURVE('',#1203,#1100,#1234,.T.);
#1234 = LINE('',#1235,#1236);
#1235 = CARTESIAN_POINT('',(-28.,11.,-6.22E-15));
#1236 = VECTOR('',#1237,1.);
#1237 = DIRECTION('',(1.,-2.2E-16,2.2E-16));
#1238 = CYLINDRICAL_SURFACE('',#1239,3.);
#1239 = AXIS2_PLACEMENT_3D('',#1240,#1241,#1242);
#1240 = CARTESIAN_POINT('',(-28.,11.,3.));
#1241 = DIRECTION('',(1.,-2.2E-16,2.2E-16));
#1242 = DIRECTION('',(2.2E-16,0.,-1.));
#1243 = ADVANCED_FACE('',(#1244,#1273,#1284),#1295,.T.);
#1244 = FACE_BOUND('',#1245,.F.);
#1245 = EDGE_LOOP('',(#1246,#1247,#1248,#1249,#1258,#1266));
#1246 = ORIENTED_EDGE('',*,*,#1073,.T.);
#1247 = ORIENTED_EDGE('',*,*,#1139,.T.);
#1248 = ORIENTED_EDGE('',*,*,#1188,.T.);
#1249 = ORIENTED_EDGE('',*,*,#1250,.T.);
#1250 = EDGE_CURVE('',#1181,#1251,#1253,.T.);
#1251 = VERTEX_POINT('',#1252);
#1252 = CARTESIAN_POINT('',(-25.,12.,26.));
#1253 = CIRCLE('',#1254,3.);
#1254 = AXIS2_PLACEMENT_3D('',#1255,#1256,#1257);
#1255 = CARTESIAN_POINT('',(-25.,12.,23.));
#1256 = DIRECTION('',(2.2E-16,1.,-1.1E-16));
#1257 = DIRECTION('',(-2.2E-16,1.1E-16,1.));
#1258 = ORIENTED_EDGE('',*,*,#1259,.T.);
#1259 = EDGE_CURVE('',#1251,#1260,#1262,.T.);
#1260 = VERTEX_POINT('',#1261);
#1261 = CARTESIAN_POINT('',(-23.,12.,26.));
#1262 = LINE('',#1263,#1264);
#1263 = CARTESIAN_POINT('',(-28.,12.,26.));
#1264 = VECTOR('',#1265,1.);
#1265 = DIRECTION('',(1.,-2.2E-16,2.2E-16));
#1266 = ORIENTED_EDGE('',*,*,#1267,.F.);
#1267 = EDGE_CURVE('',#1074,#1260,#1268,.T.);
#1268 = CIRCLE('',#1269,3.);
#1269 = AXIS2_PLACEMENT_3D('',#1270,#1271,#1272);
#1270 = CARTESIAN_POINT('',(-23.,12.,23.));
#1271 = DIRECTION('',(-2.2E-16,-1.,1.1E-16));
#1272 = DIRECTION('',(-2.2E-16,1.1E-16,1.));
#1273 = FACE_BOUND('',#1274,.F.);
#1274 = EDGE_LOOP('',(#1275));
#1275 = ORIENTED_EDGE('',*,*,#1276,.T.);
#1276 = EDGE_CURVE('',#1277,#1277,#1279,.T.);
#1277 = VERTEX_POINT('',#1278);
#1278 = CARTESIAN_POINT('',(-22.5,12.,8.));
#1279 = CIRCLE('',#1280,1.5);
#1280 = AXIS2_PLACEMENT_3D('',#1281,#1282,#1283);
#1281 = CARTESIAN_POINT('',(-24.,12.,8.));
#1282 = DIRECTION('',(-2.2E-16,-1.,2.2E-16));
#1283 = DIRECTION('',(1.,-2.2E-16,2.2E-16));
#1284 = FACE_BOUND('',#1285,.F.);
#1285 = EDGE_LOOP('',(#1286));
#1286 = ORIENTED_EDGE('',*,*,#1287,.T.);
#1287 = EDGE_CURVE('',#1288,#1288,#1290,.T.);
#1288 = VERTEX_POINT('',#1289);
#1289 = CARTESIAN_POINT('',(-22.5,12.,18.));
#1290 = CIRCLE('',#1291,1.5);
#1291 = AXIS2_PLACEMENT_3D('',#1292,#1293,#1294);
#1292 = CARTESIAN_POINT('',(-24.,12.,18.));
#1293 = DIRECTION('',(-2.2E-16,-1.,2.2E-16));
#1294 = DIRECTION('',(1.,-2.2E-16,2.2E-16));
#1295 = PLANE('',#1296);
#1296 = AXIS2_PLACEMENT_3D('',#1297,#1298,#1299);
#1297 = CARTESIAN_POINT('',(-24.,12.,14.5));
#1298 = DIRECTION('',(-2.2E-16,-1.,0.));
#1299 = DIRECTION('',(1.,-2.2E-16,2.2E-16));
#1300 = ADVANCED_FACE('',(#1301),#1320,.T.);
#1301 = FACE_BOUND('',#1302,.F.);
#1302 = EDGE_LOOP('',(#1303,#1304,#1312,#1319));
#1303 = ORIENTED_EDGE('',*,*,#1267,.T.);
#1304 = ORIENTED_EDGE('',*,*,#1305,.T.);
#1305 = EDGE_CURVE('',#1260,#1306,#1308,.T.);
#1306 = VERTEX_POINT('',#1307);
#1307 = CARTESIAN_POINT('',(-23.,14.,26.));
#1308 = LINE('',#1309,#1310);
#1309 = CARTESIAN_POINT('',(-23.,12.,26.));
#1310 = VECTOR('',#1311,1.);
#1311 = DIRECTION('',(2.2E-16,1.,-1.1E-16));
#1312 = ORIENTED_EDGE('',*,*,#1313,.F.);
#1313 = EDGE_CURVE('',#1084,#1306,#1314,.T.);
#1314 = CIRCLE('',#1315,3.);
#1315 = AXIS2_PLACEMENT_3D('',#1316,#1317,#1318);
#1316 = CARTESIAN_POINT('',(-23.,14.,23.));
#1317 = DIRECTION('',(-2.2E-16,-1.,1.1E-16));
#1318 = DIRECTION('',(-2.2E-16,1.1E-16,1.));
#1319 = ORIENTED_EDGE('',*,*,#1083,.F.);
#1320 = CYLINDRICAL_SURFACE('',#1321,3.);
#1321 = AXIS2_PLACEMENT_3D('',#1322,#1323,#1324);
#1322 = CARTESIAN_POINT('',(-23.,12.,23.));
#1323 = DIRECTION('',(2.2E-16,1.,-1.1E-16));
#1324 = DIRECTION('',(1.,-2.2E-16,2.2E-16));
#1325 = ADVANCED_FACE('',(#1326,#1347,#1358),#1369,.F.);
#1326 = FACE_BOUND('',#1327,.T.);
#1327 = EDGE_LOOP('',(#1328,#1329,#1338,#1344,#1345,#1346));
#1328 = ORIENTED_EDGE('',*,*,#1170,.T.);
#1329 = ORIENTED_EDGE('',*,*,#1330,.T.);
#1330 = EDGE_CURVE('',#1173,#1331,#1333,.T.);
#1331 = VERTEX_POINT('',#1332);
#1332 = CARTESIAN_POINT('',(-25.,14.,26.));
#1333 = CIRCLE('',#1334,3.);
#1334 = AXIS2_PLACEMENT_3D('',#1335,#1336,#1337);
#1335 = CARTESIAN_POINT('',(-25.,14.,23.));
#1336 = DIRECTION('',(2.2E-16,1.,-1.1E-16));
#1337 = DIRECTION('',(-2.2E-16,1.1E-16,1.));
#1338 = ORIENTED_EDGE('',*,*,#1339,.T.);
#1339 = EDGE_CURVE('',#1331,#1306,#1340,.T.);
#1340 = LINE('',#1341,#1342);
#1341 = CARTESIAN_POINT('',(-28.,14.,26.));
#1342 = VECTOR('',#1343,1.);
#1343 = DIRECTION('',(1.,-2.2E-16,2.2E-16));
#1344 = ORIENTED_EDGE('',*,*,#1313,.F.);
#1345 = ORIENTED_EDGE('',*,*,#1091,.T.);
#1346 = ORIENTED_EDGE('',*,*,#1226,.F.);
#1347 = FACE_BOUND('',#1348,.T.);
#1348 = EDGE_LOOP('',(#1349));
#1349 = ORIENTED_EDGE('',*,*,#1350,.T.);
#1350 = EDGE_CURVE('',#1351,#1351,#1353,.T.);
#1351 = VERTEX_POINT('',#1352);
#1352 = CARTESIAN_POINT('',(-22.5,14.,8.));
#1353 = CIRCLE('',#1354,1.5);
#1354 = AXIS2_PLACEMENT_3D('',#1355,#1356,#1357);
#1355 = CARTESIAN_POINT('',(-24.,14.,8.));
#1356 = DIRECTION('',(-2.2E-16,-1.,0.));
#1357 = DIRECTION('',(1.,-2.2E-16,2.2E-16));
#1358 = FACE_BOUND('',#1359,.T.);
#1359 = EDGE_LOOP('',(#1360));
#1360 = ORIENTED_EDGE('',*,*,#1361,.T.);
#1361 = EDGE_CURVE('',#1362,#1362,#1364,.T.);
#1362 = VERTEX_POINT('',#1363);
#1363 = CARTESIAN_POINT('',(-22.5,14.,18.));
#1364 = CIRCLE('',#1365,1.5);
#1365 = AXIS2_PLACEMENT_3D('',#1366,#1367,#1368);
#1366 = CARTESIAN_POINT('',(-24.,14.,18.));
#1367 = DIRECTION('',(-2.2E-16,-1.,0.));
#1368 = DIRECTION('',(1.,-2.2E-16,2.2E-16));
#1369 = PLANE('',#1370);
#1370 = AXIS2_PLACEMENT_3D('',#1371,#1372,#1373);
#1371 = CARTESIAN_POINT('',(-24.,14.,14.5));
#1372 = DIRECTION('',(-2.2E-16,-1.,0.));
#1373 = DIRECTION('',(1.,-2.2E-16,2.2E-16));
#1374 = ADVANCED_FACE('',(#1375),#1386,.T.);
#1375 = FACE_BOUND('',#1376,.T.);
#1376 = EDGE_LOOP('',(#1377,#1378,#1384,#1385));
#1377 = ORIENTED_EDGE('',*,*,#1250,.T.);
#1378 = ORIENTED_EDGE('',*,*,#1379,.T.);
#1379 = EDGE_CURVE('',#1251,#1331,#1380,.T.);
#1380 = LINE('',#1381,#1382);
#1381 = CARTESIAN_POINT('',(-25.,12.,26.));
#1382 = VECTOR('',#1383,1.);
#1383 = DIRECTION('',(2.2E-16,1.,-1.1E-16));
#1384 = ORIENTED_EDGE('',*,*,#1330,.F.);
#1385 = ORIENTED_EDGE('',*,*,#1180,.F.);
#1386 = CYLINDRICAL_SURFACE('',#1387,3.);
#1387 = AXIS2_PLACEMENT_3D('',#1388,#1389,#1390);
#1388 = CARTESIAN_POINT('',(-25.,12.,23.));
#1389 = DIRECTION('',(2.2E-16,1.,-1.1E-16));
#1390 = DIRECTION('',(-1.,2.2E-16,-2.2E-16));
#1391 = ADVANCED_FACE('',(#1392),#1398,.T.);
#1392 = FACE_BOUND('',#1393,.F.);
#1393 = EDGE_LOOP('',(#1394,#1395,#1396,#1397));
#1394 = ORIENTED_EDGE('',*,*,#1259,.F.);
#1395 = ORIENTED_EDGE('',*,*,#1379,.T.);
#1396 = ORIENTED_EDGE('',*,*,#1339,.T.);
#1397 = ORIENTED_EDGE('',*,*,#1305,.F.);
#1398 = PLANE('',#1399);
#1399 = AXIS2_PLACEMENT_3D('',#1400,#1401,#1402);
#1400 = CARTESIAN_POINT('',(-28.,12.,26.));
#1401 = DIRECTION('',(-2.2E-16,0.,1.));
#1402 = DIRECTION('',(-1.,2.2E-16,-2.2E-16));
#1403 = ADVANCED_FACE('',(#1404),#1415,.F.);
#1404 = FACE_BOUND('',#1405,.T.);
#1405 = EDGE_LOOP('',(#1406,#1412,#1413,#1414));
#1406 = ORIENTED_EDGE('',*,*,#1407,.F.);
#1407 = EDGE_CURVE('',#1351,#1277,#1408,.T.);
#1408 = LINE('',#1409,#1410);
#1409 = CARTESIAN_POINT('',(-22.5,14.,8.));
#1410 = VECTOR('',#1411,1.);
#1411 = DIRECTION('',(-2.2E-16,-1.,2.2E-16));
#1412 = ORIENTED_EDGE('',*,*,#1350,.F.);
#1413 = ORIENTED_EDGE('',*,*,#1407,.T.);
#1414 = ORIENTED_EDGE('',*,*,#1276,.T.);
#1415 = CYLINDRICAL_SURFACE('',#1416,1.5);
#1416 = AXIS2_PLACEMENT_3D('',#1417,#1418,#1419);
#1417 = CARTESIAN_POINT('',(-24.,14.,8.));
#1418 = DIRECTION('',(2.2E-16,1.,-2.2E-16));
#1419 = DIRECTION('',(1.,-2.2E-16,2.2E-16));
#1420 = ADVANCED_FACE('',(#1421),#1432,.F.);
#1421 = FACE_BOUND('',#1422,.T.);
#1422 = EDGE_LOOP('',(#1423,#1429,#1430,#1431));
#1423 = ORIENTED_EDGE('',*,*,#1424,.F.);
#1424 = EDGE_CURVE('',#1362,#1288,#1425,.T.);
#1425 = LINE('',#1426,#1427);
#1426 = CARTESIAN_POINT('',(-22.5,14.,18.));
#1427 = VECTOR('',#1428,1.);
#1428 = DIRECTION('',(-2.2E-16,-1.,2.2E-16));
#1429 = ORIENTED_EDGE('',*,*,#1361,.F.);
#1430 = ORIENTED_EDGE('',*,*,#1424,.T.);
#1431 = ORIENTED_EDGE('',*,*,#1287,.T.);
#1432 = CYLINDRICAL_SURFACE('',#1433,1.5);
#1433 = AXIS2_PLACEMENT_3D('',#1434,#1435,#1436);
#1434 = CARTESIAN_POINT('',(-24.,14.,18.));
#1435 = DIRECTION('',(2.2E-16,1.,-2.2E-16));
#1436 = DIRECTION('',(1.,-2.2E-16,2.2E-16));
#1437 = ADVANCED_FACE('',(#1438),#1457,.F.);
#1438 = FACE_BOUND('',#1439,.F.);
#1439 = EDGE_LOOP('',(#1440,#1448,#1455,#1456));
#1440 = ORIENTED_EDGE('',*,*,#1441,.F.);
#1441 = EDGE_CURVE('',#1442,#700,#1444,.T.);
#1442 = VERTEX_POINT('',#1443);
#1443 = CARTESIAN_POINT('',(10.845849,-20.,20.));
#1444 = LINE('',#1445,#1446);
#1445 = CARTESIAN_POINT('',(10.845849,-20.,20.));
#1446 = VECTOR('',#1447,1.);
#1447 = DIRECTION('',(0.,1.,-2.2E-16));
#1448 = ORIENTED_EDGE('',*,*,#1449,.F.);
#1449 = EDGE_CURVE('',#1442,#1442,#1450,.T.);
#1450 = CIRCLE('',#1451,1.5);
#1451 = AXIS2_PLACEMENT_3D('',#1452,#1453,#1454);
#1452 = CARTESIAN_POINT('',(9.345849,-20.,20.));
#1453 = DIRECTION('',(0.,-1.,0.));
#1454 = DIRECTION('',(1.,0.,0.));
#1455 = ORIENTED_EDGE('',*,*,#1441,.T.);
#1456 = ORIENTED_EDGE('',*,*,#699,.T.);
#1457 = CYLINDRICAL_SURFACE('',#1458,1.5);
#1458 = AXIS2_PLACEMENT_3D('',#1459,#1460,#1461);
#1459 = CARTESIAN_POINT('',(9.345849,-20.,20.));
#1460 = DIRECTION('',(0.,-1.,2.2E-16));
#1461 = DIRECTION('',(1.,0.,0.));
#1462 = ADVANCED_FACE('',(#1463),#1482,.F.);
#1463 = FACE_BOUND('',#1464,.F.);
#1464 = EDGE_LOOP('',(#1465,#1473,#1480,#1481));
#1465 = ORIENTED_EDGE('',*,*,#1466,.F.);
#1466 = EDGE_CURVE('',#1467,#711,#1469,.T.);
#1467 = VERTEX_POINT('',#1468);
#1468 = CARTESIAN_POINT('',(3.845849,-20.,13.));
#1469 = LINE('',#1470,#1471);
#1470 = CARTESIAN_POINT('',(3.845849,-20.,13.));
#1471 = VECTOR('',#1472,1.);
#1472 = DIRECTION('',(0.,1.,-2.2E-16));
#1473 = ORIENTED_EDGE('',*,*,#1474,.F.);
#1474 = EDGE_CURVE('',#1467,#1467,#1475,.T.);
#1475 = CIRCLE('',#1476,1.5);
#1476 = AXIS2_PLACEMENT_3D('',#1477,#1478,#1479);
#1477 = CARTESIAN_POINT('',(2.345849,-20.,13.));
#1478 = DIRECTION('',(0.,-1.,0.));
#1479 = DIRECTION('',(1.,0.,0.));
#1480 = ORIENTED_EDGE('',*,*,#1466,.T.);
#1481 = ORIENTED_EDGE('',*,*,#710,.T.);
#1482 = CYLINDRICAL_SURFACE('',#1483,1.5);
#1483 = AXIS2_PLACEMENT_3D('',#1484,#1485,#1486);
#1484 = CARTESIAN_POINT('',(2.345849,-20.,13.));
#1485 = DIRECTION('',(0.,-1.,2.2E-16));
#1486 = DIRECTION('',(1.,0.,0.));
#1487 = ADVANCED_FACE('',(#1488),#1507,.F.);
#1488 = FACE_BOUND('',#1489,.F.);
#1489 = EDGE_LOOP('',(#1490,#1498,#1505,#1506));
#1490 = ORIENTED_EDGE('',*,*,#1491,.F.);
#1491 = EDGE_CURVE('',#1492,#722,#1494,.T.);
#1492 = VERTEX_POINT('',#1493);
#1493 = CARTESIAN_POINT('',(10.845849,-20.,13.));
#1494 = LINE('',#1495,#1496);
#1495 = CARTESIAN_POINT('',(10.845849,-20.,13.));
#1496 = VECTOR('',#1497,1.);
#1497 = DIRECTION('',(0.,1.,-2.2E-16));
#1498 = ORIENTED_EDGE('',*,*,#1499,.F.);
#1499 = EDGE_CURVE('',#1492,#1492,#1500,.T.);
#1500 = CIRCLE('',#1501,1.5);
#1501 = AXIS2_PLACEMENT_3D('',#1502,#1503,#1504);
#1502 = CARTESIAN_POINT('',(9.345849,-20.,13.));
#1503 = DIRECTION('',(0.,-1.,0.));
#1504 = DIRECTION('',(1.,0.,0.));
#1505 = ORIENTED_EDGE('',*,*,#1491,.T.);
#1506 = ORIENTED_EDGE('',*,*,#721,.T.);
#1507 = CYLINDRICAL_SURFACE('',#1508,1.5);
#1508 = AXIS2_PLACEMENT_3D('',#1509,#1510,#1511);
#1509 = CARTESIAN_POINT('',(9.345849,-20.,13.));
#1510 = DIRECTION('',(0.,-1.,2.2E-16));
#1511 = DIRECTION('',(1.,0.,0.));
#1512 = ADVANCED_FACE('',(#1513),#1532,.F.);
#1513 = FACE_BOUND('',#1514,.F.);
#1514 = EDGE_LOOP('',(#1515,#1523,#1530,#1531));
#1515 = ORIENTED_EDGE('',*,*,#1516,.F.);
#1516 = EDGE_CURVE('',#1517,#733,#1519,.T.);
#1517 = VERTEX_POINT('',#1518);
#1518 = CARTESIAN_POINT('',(17.845849,-20.,13.));
#1519 = LINE('',#1520,#1521);
#1520 = CARTESIAN_POINT('',(17.845849,-20.,13.));
#1521 = VECTOR('',#1522,1.);
#1522 = DIRECTION('',(0.,1.,-2.2E-16));
#1523 = ORIENTED_EDGE('',*,*,#1524,.F.);
#1524 = EDGE_CURVE('',#1517,#1517,#1525,.T.);
#1525 = CIRCLE('',#1526,1.5);
#1526 = AXIS2_PLACEMENT_3D('',#1527,#1528,#1529);
#1527 = CARTESIAN_POINT('',(16.345849,-20.,13.));
#1528 = DIRECTION('',(0.,-1.,0.));
#1529 = DIRECTION('',(1.,0.,0.));
#1530 = ORIENTED_EDGE('',*,*,#1516,.T.);
#1531 = ORIENTED_EDGE('',*,*,#732,.T.);
#1532 = CYLINDRICAL_SURFACE('',#1533,1.5);
#1533 = AXIS2_PLACEMENT_3D('',#1534,#1535,#1536);
#1534 = CARTESIAN_POINT('',(16.345849,-20.,13.));
#1535 = DIRECTION('',(0.,-1.,2.2E-16));
#1536 = DIRECTION('',(1.,0.,0.));
#1537 = ADVANCED_FACE('',(#1538),#1557,.F.);
#1538 = FACE_BOUND('',#1539,.F.);
#1539 = EDGE_LOOP('',(#1540,#1548,#1555,#1556));
#1540 = ORIENTED_EDGE('',*,*,#1541,.F.);
#1541 = EDGE_CURVE('',#1542,#744,#1544,.T.);
#1542 = VERTEX_POINT('',#1543);
#1543 = CARTESIAN_POINT('',(10.845849,-20.,6.));
#1544 = LINE('',#1545,#1546);
#1545 = CARTESIAN_POINT('',(10.845849,-20.,6.));
#1546 = VECTOR('',#1547,1.);
#1547 = DIRECTION('',(0.,1.,-2.2E-16));
#1548 = ORIENTED_EDGE('',*,*,#1549,.F.);
#1549 = EDGE_CURVE('',#1542,#1542,#1550,.T.);
#1550 = CIRCLE('',#1551,1.5);
#1551 = AXIS2_PLACEMENT_3D('',#1552,#1553,#1554);
#1552 = CARTESIAN_POINT('',(9.345849,-20.,6.));
#1553 = DIRECTION('',(0.,-1.,0.));
#1554 = DIRECTION('',(1.,0.,0.));
#1555 = ORIENTED_EDGE('',*,*,#1541,.T.);
#1556 = ORIENTED_EDGE('',*,*,#743,.T.);
#1557 = CYLINDRICAL_SURFACE('',#1558,1.5);
#1558 = AXIS2_PLACEMENT_3D('',#1559,#1560,#1561);
#1559 = CARTESIAN_POINT('',(9.345849,-20.,6.));
#1560 = DIRECTION('',(0.,-1.,2.2E-16));
#1561 = DIRECTION('',(1.,0.,0.));
#1562 = ADVANCED_FACE('',(#1563),#1582,.F.);
#1563 = FACE_BOUND('',#1564,.T.);
#1564 = EDGE_LOOP('',(#1565,#1573,#1580,#1581));
#1565 = ORIENTED_EDGE('',*,*,#1566,.F.);
#1566 = EDGE_CURVE('',#1567,#755,#1569,.T.);
#1567 = VERTEX_POINT('',#1568);
#1568 = CARTESIAN_POINT('',(-10.845849,-20.,20.));
#1569 = LINE('',#1570,#1571);
#1570 = CARTESIAN_POINT('',(-10.845849,-20.,20.));
#1571 = VECTOR('',#1572,1.);
#1572 = DIRECTION('',(2.2E-16,1.,-2.2E-16));
#1573 = ORIENTED_EDGE('',*,*,#1574,.F.);
#1574 = EDGE_CURVE('',#1567,#1567,#1575,.T.);
#1575 = CIRCLE('',#1576,1.5);
#1576 = AXIS2_PLACEMENT_3D('',#1577,#1578,#1579);
#1577 = CARTESIAN_POINT('',(-9.345849,-20.,20.));
#1578 = DIRECTION('',(2.2E-16,1.,0.));
#1579 = DIRECTION('',(-1.,2.2E-16,-2.2E-16));
#1580 = ORIENTED_EDGE('',*,*,#1566,.T.);
#1581 = ORIENTED_EDGE('',*,*,#754,.T.);
#1582 = CYLINDRICAL_SURFACE('',#1583,1.5);
#1583 = AXIS2_PLACEMENT_3D('',#1584,#1585,#1586);
#1584 = CARTESIAN_POINT('',(-9.345849,-20.,20.));
#1585 = DIRECTION('',(-2.2E-16,-1.,2.2E-16));
#1586 = DIRECTION('',(-1.,2.2E-16,-2.2E-16));
#1587 = ADVANCED_FACE('',(#1588),#1607,.F.);
#1588 = FACE_BOUND('',#1589,.T.);
#1589 = EDGE_LOOP('',(#1590,#1598,#1605,#1606));
#1590 = ORIENTED_EDGE('',*,*,#1591,.F.);
#1591 = EDGE_CURVE('',#1592,#766,#1594,.T.);
#1592 = VERTEX_POINT('',#1593);
#1593 = CARTESIAN_POINT('',(-3.845849,-20.,13.));
#1594 = LINE('',#1595,#1596);
#1595 = CARTESIAN_POINT('',(-3.845849,-20.,13.));
#1596 = VECTOR('',#1597,1.);
#1597 = DIRECTION('',(2.2E-16,1.,-2.2E-16));
#1598 = ORIENTED_EDGE('',*,*,#1599,.F.);
#1599 = EDGE_CURVE('',#1592,#1592,#1600,.T.);
#1600 = CIRCLE('',#1601,1.5);
#1601 = AXIS2_PLACEMENT_3D('',#1602,#1603,#1604);
#1602 = CARTESIAN_POINT('',(-2.345849,-20.,13.));
#1603 = DIRECTION('',(2.2E-16,1.,0.));
#1604 = DIRECTION('',(-1.,2.2E-16,-2.2E-16));
#1605 = ORIENTED_EDGE('',*,*,#1591,.T.);
#1606 = ORIENTED_EDGE('',*,*,#765,.T.);
#1607 = CYLINDRICAL_SURFACE('',#1608,1.5);
#1608 = AXIS2_PLACEMENT_3D('',#1609,#1610,#1611);
#1609 = CARTESIAN_POINT('',(-2.345849,-20.,13.));
#1610 = DIRECTION('',(-2.2E-16,-1.,2.2E-16));
#1611 = DIRECTION('',(-1.,2.2E-16,-2.2E-16));
#1612 = ADVANCED_FACE('',(#1613),#1632,.F.);
#1613 = FACE_BOUND('',#1614,.T.);
#1614 = EDGE_LOOP('',(#1615,#1623,#1630,#1631));
#1615 = ORIENTED_EDGE('',*,*,#1616,.F.);
#1616 = EDGE_CURVE('',#1617,#777,#1619,.T.);
#1617 = VERTEX_POINT('',#1618);
#1618 = CARTESIAN_POINT('',(-10.845849,-20.,13.));
#1619 = LINE('',#1620,#1621);
#1620 = CARTESIAN_POINT('',(-10.845849,-20.,13.));
#1621 = VECTOR('',#1622,1.);
#1622 = DIRECTION('',(2.2E-16,1.,-2.2E-16));
#1623 = ORIENTED_EDGE('',*,*,#1624,.F.);
#1624 = EDGE_CURVE('',#1617,#1617,#1625,.T.);
#1625 = CIRCLE('',#1626,1.5);
#1626 = AXIS2_PLACEMENT_3D('',#1627,#1628,#1629);
#1627 = CARTESIAN_POINT('',(-9.345849,-20.,13.));
#1628 = DIRECTION('',(2.2E-16,1.,0.));
#1629 = DIRECTION('',(-1.,2.2E-16,-2.2E-16));
#1630 = ORIENTED_EDGE('',*,*,#1616,.T.);
#1631 = ORIENTED_EDGE('',*,*,#776,.T.);
#1632 = CYLINDRICAL_SURFACE('',#1633,1.5);
#1633 = AXIS2_PLACEMENT_3D('',#1634,#1635,#1636);
#1634 = CARTESIAN_POINT('',(-9.345849,-20.,13.));
#1635 = DIRECTION('',(-2.2E-16,-1.,2.2E-16));
#1636 = DIRECTION('',(-1.,2.2E-16,-2.2E-16));
#1637 = ADVANCED_FACE('',(#1638),#1657,.F.);
#1638 = FACE_BOUND('',#1639,.T.);
#1639 = EDGE_LOOP('',(#1640,#1648,#1655,#1656));
#1640 = ORIENTED_EDGE('',*,*,#1641,.F.);
#1641 = EDGE_CURVE('',#1642,#788,#1644,.T.);
#1642 = VERTEX_POINT('',#1643);
#1643 = CARTESIAN_POINT('',(-17.845849,-20.,13.));
#1644 = LINE('',#1645,#1646);
#1645 = CARTESIAN_POINT('',(-17.845849,-20.,13.));
#1646 = VECTOR('',#1647,1.);
#1647 = DIRECTION('',(2.2E-16,1.,-2.2E-16));
#1648 = ORIENTED_EDGE('',*,*,#1649,.F.);
#1649 = EDGE_CURVE('',#1642,#1642,#1650,.T.);
#1650 = CIRCLE('',#1651,1.5);
#1651 = AXIS2_PLACEMENT_3D('',#1652,#1653,#1654);
#1652 = CARTESIAN_POINT('',(-16.345849,-20.,13.));
#1653 = DIRECTION('',(2.2E-16,1.,0.));
#1654 = DIRECTION('',(-1.,2.2E-16,-2.2E-16));
#1655 = ORIENTED_EDGE('',*,*,#1641,.T.);
#1656 = ORIENTED_EDGE('',*,*,#787,.T.);
#1657 = CYLINDRICAL_SURFACE('',#1658,1.5);
#1658 = AXIS2_PLACEMENT_3D('',#1659,#1660,#1661);
#1659 = CARTESIAN_POINT('',(-16.345849,-20.,13.));
#1660 = DIRECTION('',(-2.2E-16,-1.,2.2E-16));
#1661 = DIRECTION('',(-1.,2.2E-16,-2.2E-16));
#1662 = ADVANCED_FACE('',(#1663),#1682,.F.);
#1663 = FACE_BOUND('',#1664,.T.);
#1664 = EDGE_LOOP('',(#1665,#1673,#1680,#1681));
#1665 = ORIENTED_EDGE('',*,*,#1666,.F.);
#1666 = EDGE_CURVE('',#1667,#799,#1669,.T.);
#1667 = VERTEX_POINT('',#1668);
#1668 = CARTESIAN_POINT('',(-10.845849,-20.,6.));
#1669 = LINE('',#1670,#1671);
#1670 = CARTESIAN_POINT('',(-10.845849,-20.,6.));
#1671 = VECTOR('',#1672,1.);
#1672 = DIRECTION('',(2.2E-16,1.,-2.2E-16));
#1673 = ORIENTED_EDGE('',*,*,#1674,.F.);
#1674 = EDGE_CURVE('',#1667,#1667,#1675,.T.);
#1675 = CIRCLE('',#1676,1.5);
#1676 = AXIS2_PLACEMENT_3D('',#1677,#1678,#1679);
#1677 = CARTESIAN_POINT('',(-9.345849,-20.,6.));
#1678 = DIRECTION('',(2.2E-16,1.,0.));
#1679 = DIRECTION('',(-1.,2.2E-16,-2.2E-16));
#1680 = ORIENTED_EDGE('',*,*,#1666,.T.);
#1681 = ORIENTED_EDGE('',*,*,#798,.T.);
#1682 = CYLINDRICAL_SURFACE('',#1683,1.5);
#1683 = AXIS2_PLACEMENT_3D('',#1684,#1685,#1686);
#1684 = CARTESIAN_POINT('',(-9.345849,-20.,6.));
#1685 = DIRECTION('',(-2.2E-16,-1.,2.2E-16));
#1686 = DIRECTION('',(-1.,2.2E-16,-2.2E-16));
#1687 = ADVANCED_FACE('',(#1688,#1706,#1709,#1712,#1715,#1718,#1721,
    #1724,#1727,#1730,#1733),#1736,.T.);
#1688 = FACE_BOUND('',#1689,.T.);
#1689 = EDGE_LOOP('',(#1690,#1691,#1692,#1698,#1699,#1700));
#1690 = ORIENTED_EDGE('',*,*,#39,.F.);
#1691 = ORIENTED_EDGE('',*,*,#112,.T.);
#1692 = ORIENTED_EDGE('',*,*,#1693,.F.);
#1693 = EDGE_CURVE('',#882,#105,#1694,.T.);
#1694 = LINE('',#1695,#1696);
#1695 = CARTESIAN_POINT('',(0.,-20.,26.));
#1696 = VECTOR('',#1697,1.);
#1697 = DIRECTION('',(1.,0.,0.));
#1698 = ORIENTED_EDGE('',*,*,#889,.F.);
#1699 = ORIENTED_EDGE('',*,*,#824,.T.);
#1700 = ORIENTED_EDGE('',*,*,#1701,.F.);
#1701 = EDGE_CURVE('',#40,#825,#1702,.T.);
#1702 = LINE('',#1703,#1704);
#1703 = CARTESIAN_POINT('',(-5.11E-15,-20.,3.));
#1704 = VECTOR('',#1705,1.);
#1705 = DIRECTION('',(-1.,2.2E-16,-2.2E-16));
#1706 = FACE_BOUND('',#1707,.T.);
#1707 = EDGE_LOOP('',(#1708));
#1708 = ORIENTED_EDGE('',*,*,#1449,.F.);
#1709 = FACE_BOUND('',#1710,.T.);
#1710 = EDGE_LOOP('',(#1711));
#1711 = ORIENTED_EDGE('',*,*,#1474,.F.);
#1712 = FACE_BOUND('',#1713,.T.);
#1713 = EDGE_LOOP('',(#1714));
#1714 = ORIENTED_EDGE('',*,*,#1499,.F.);
#1715 = FACE_BOUND('',#1716,.T.);
#1716 = EDGE_LOOP('',(#1717));
#1717 = ORIENTED_EDGE('',*,*,#1524,.F.);
#1718 = FACE_BOUND('',#1719,.T.);
#1719 = EDGE_LOOP('',(#1720));
#1720 = ORIENTED_EDGE('',*,*,#1549,.F.);
#1721 = FACE_BOUND('',#1722,.T.);
#1722 = EDGE_LOOP('',(#1723));
#1723 = ORIENTED_EDGE('',*,*,#1574,.T.);
#1724 = FACE_BOUND('',#1725,.T.);
#1725 = EDGE_LOOP('',(#1726));
#1726 = ORIENTED_EDGE('',*,*,#1599,.T.);
#1727 = FACE_BOUND('',#1728,.T.);
#1728 = EDGE_LOOP('',(#1729));
#1729 = ORIENTED_EDGE('',*,*,#1624,.T.);
#1730 = FACE_BOUND('',#1731,.T.);
#1731 = EDGE_LOOP('',(#1732));
#1732 = ORIENTED_EDGE('',*,*,#1649,.T.);
#1733 = FACE_BOUND('',#1734,.T.);
#1734 = EDGE_LOOP('',(#1735));
#1735 = ORIENTED_EDGE('',*,*,#1674,.T.);
#1736 = PLANE('',#1737);
#1737 = AXIS2_PLACEMENT_3D('',#1738,#1739,#1740);
#1738 = CARTESIAN_POINT('',(-3.79E-15,-20.,14.22965413693));
#1739 = DIRECTION('',(-0.,-1.,-0.));
#1740 = DIRECTION('',(0.,0.,-1.));
#1741 = ADVANCED_FACE('',(#1742,#1774,#1785,#1823,#1834,#1845,#1856,
    #1867,#1878,#1889,#1900,#1911,#1922,#1933,#1971,#2009,#2020,#2031,
    #2042,#2053),#2064,.T.);
#1742 = FACE_BOUND('',#1743,.T.);
#1743 = EDGE_LOOP('',(#1744,#1745,#1746,#1747,#1748,#1749,#1750,#1751,
    #1752,#1758,#1759,#1760,#1761,#1762,#1763,#1764,#1765,#1766,#1767,
    #1773));
#1744 = ORIENTED_EDGE('',*,*,#137,.T.);
#1745 = ORIENTED_EDGE('',*,*,#176,.T.);
#1746 = ORIENTED_EDGE('',*,*,#418,.T.);
#1747 = ORIENTED_EDGE('',*,*,#379,.T.);
#1748 = ORIENTED_EDGE('',*,*,#338,.T.);
#1749 = ORIENTED_EDGE('',*,*,#275,.T.);
#1750 = ORIENTED_EDGE('',*,*,#250,.T.);
#1751 = ORIENTED_EDGE('',*,*,#211,.T.);
#1752 = ORIENTED_EDGE('',*,*,#1753,.T.);
#1753 = EDGE_CURVE('',#204,#981,#1754,.T.);
#1754 = LINE('',#1755,#1756);
#1755 = CARTESIAN_POINT('',(18.,17.,2.));
#1756 = VECTOR('',#1757,1.);
#1757 = DIRECTION('',(-1.,0.,0.));
#1758 = ORIENTED_EDGE('',*,*,#988,.F.);
#1759 = ORIENTED_EDGE('',*,*,#1027,.F.);
#1760 = ORIENTED_EDGE('',*,*,#1052,.F.);
#1761 = ORIENTED_EDGE('',*,*,#1115,.F.);
#1762 = ORIENTED_EDGE('',*,*,#1156,.F.);
#1763 = ORIENTED_EDGE('',*,*,#1195,.F.);
#1764 = ORIENTED_EDGE('',*,*,#953,.F.);
#1765 = ORIENTED_EDGE('',*,*,#914,.F.);
#1766 = ORIENTED_EDGE('',*,*,#857,.F.);
#1767 = ORIENTED_EDGE('',*,*,#1768,.F.);
#1768 = EDGE_CURVE('',#73,#858,#1769,.T.);
#1769 = LINE('',#1770,#1771);
#1770 = CARTESIAN_POINT('',(-4.22E-15,-17.,2.));
#1771 = VECTOR('',#1772,1.);
#1772 = DIRECTION('',(-1.,2.2E-16,-2.2E-16));
#1773 = ORIENTED_EDGE('',*,*,#72,.T.);
#1774 = FACE_BOUND('',#1775,.T.);
#1775 = EDGE_LOOP('',(#1776));
#1776 = ORIENTED_EDGE('',*,*,#1777,.F.);
#1777 = EDGE_CURVE('',#1778,#1778,#1780,.T.);
#1778 = VERTEX_POINT('',#1779);
#1779 = CARTESIAN_POINT('',(14.,5.5,2.));
#1780 = CIRCLE('',#1781,4.);
#1781 = AXIS2_PLACEMENT_3D('',#1782,#1783,#1784);
#1782 = CARTESIAN_POINT('',(10.,5.5,2.));
#1783 = DIRECTION('',(0.,0.,1.));
#1784 = DIRECTION('',(1.,0.,0.));
#1785 = FACE_BOUND('',#1786,.T.);
#1786 = EDGE_LOOP('',(#1787,#1798,#1807,#1816));
#1787 = ORIENTED_EDGE('',*,*,#1788,.F.);
#1788 = EDGE_CURVE('',#1789,#1791,#1793,.T.);
#1789 = VERTEX_POINT('',#1790);
#1790 = CARTESIAN_POINT('',(-1.E-15,-9.,2.));
#1791 = VERTEX_POINT('',#1792);
#1792 = CARTESIAN_POINT('',(4.,-5.,2.));
#1793 = CIRCLE('',#1794,4.);
#1794 = AXIS2_PLACEMENT_3D('',#1795,#1796,#1797);
#1795 = CARTESIAN_POINT('',(0.,-5.,2.));
#1796 = DIRECTION('',(0.,0.,1.));
#1797 = DIRECTION('',(1.,0.,-0.));
#1798 = ORIENTED_EDGE('',*,*,#1799,.T.);
#1799 = EDGE_CURVE('',#1789,#1800,#1802,.T.);
#1800 = VERTEX_POINT('',#1801);
#1801 = CARTESIAN_POINT('',(-4.,-5.,2.));
#1802 = CIRCLE('',#1803,4.);
#1803 = AXIS2_PLACEMENT_3D('',#1804,#1805,#1806);
#1804 = CARTESIAN_POINT('',(-1.55E-15,-5.,2.));
#1805 = DIRECTION('',(2.2E-16,0.,-1.));
#1806 = DIRECTION('',(-1.,2.2E-16,-2.2E-16));
#1807 = ORIENTED_EDGE('',*,*,#1808,.T.);
#1808 = EDGE_CURVE('',#1800,#1809,#1811,.T.);
#1809 = VERTEX_POINT('',#1810);
#1810 = CARTESIAN_POINT('',(0.,-1.,2.));
#1811 = CIRCLE('',#1812,4.);
#1812 = AXIS2_PLACEMENT_3D('',#1813,#1814,#1815);
#1813 = CARTESIAN_POINT('',(-1.55E-15,-5.,2.));
#1814 = DIRECTION('',(2.2E-16,0.,-1.));
#1815 = DIRECTION('',(-1.,2.2E-16,-2.2E-16));
#1816 = ORIENTED_EDGE('',*,*,#1817,.F.);
#1817 = EDGE_CURVE('',#1791,#1809,#1818,.T.);
#1818 = CIRCLE('',#1819,4.);
#1819 = AXIS2_PLACEMENT_3D('',#1820,#1821,#1822);
#1820 = CARTESIAN_POINT('',(0.,-5.,2.));
#1821 = DIRECTION('',(0.,0.,1.));
#1822 = DIRECTION('',(1.,0.,-0.));
#1823 = FACE_BOUND('',#1824,.T.);
#1824 = EDGE_LOOP('',(#1825));
#1825 = ORIENTED_EDGE('',*,*,#1826,.T.);
#1826 = EDGE_CURVE('',#1827,#1827,#1829,.T.);
#1827 = VERTEX_POINT('',#1828);
#1828 = CARTESIAN_POINT('',(-14.,5.5,2.));
#1829 = CIRCLE('',#1830,4.);
#1830 = AXIS2_PLACEMENT_3D('',#1831,#1832,#1833);
#1831 = CARTESIAN_POINT('',(-10.,5.5,2.));
#1832 = DIRECTION('',(2.2E-16,0.,-1.));
#1833 = DIRECTION('',(-1.,2.2E-16,-2.2E-16));
#1834 = FACE_BOUND('',#1835,.T.);
#1835 = EDGE_LOOP('',(#1836));
#1836 = ORIENTED_EDGE('',*,*,#1837,.F.);
#1837 = EDGE_CURVE('',#1838,#1838,#1840,.T.);
#1838 = VERTEX_POINT('',#1839);
#1839 = CARTESIAN_POINT('',(26.,-4.5,2.));
#1840 = CIRCLE('',#1841,2.);
#1841 = AXIS2_PLACEMENT_3D('',#1842,#1843,#1844);
#1842 = CARTESIAN_POINT('',(24.,-4.5,2.));
#1843 = DIRECTION('',(0.,0.,1.));
#1844 = DIRECTION('',(1.,0.,0.));
#1845 = FACE_BOUND('',#1846,.T.);
#1846 = EDGE_LOOP('',(#1847));
#1847 = ORIENTED_EDGE('',*,*,#1848,.F.);
#1848 = EDGE_CURVE('',#1849,#1849,#1851,.T.);
#1849 = VERTEX_POINT('',#1850);
#1850 = CARTESIAN_POINT('',(26.,5.5,2.));
#1851 = CIRCLE('',#1852,2.);
#1852 = AXIS2_PLACEMENT_3D('',#1853,#1854,#1855);
#1853 = CARTESIAN_POINT('',(24.,5.5,2.));
#1854 = DIRECTION('',(0.,0.,1.));
#1855 = DIRECTION('',(1.,0.,0.));
#1856 = FACE_BOUND('',#1857,.T.);
#1857 = EDGE_LOOP('',(#1858));
#1858 = ORIENTED_EDGE('',*,*,#1859,.T.);
#1859 = EDGE_CURVE('',#1860,#1860,#1862,.T.);
#1860 = VERTEX_POINT('',#1861);
#1861 = CARTESIAN_POINT('',(-26.,-4.5,2.));
#1862 = CIRCLE('',#1863,2.);
#1863 = AXIS2_PLACEMENT_3D('',#1864,#1865,#1866);
#1864 = CARTESIAN_POINT('',(-24.,-4.5,2.));
#1865 = DIRECTION('',(2.2E-16,0.,-1.));
#1866 = DIRECTION('',(-1.,2.2E-16,-2.2E-16));
#1867 = FACE_BOUND('',#1868,.T.);
#1868 = EDGE_LOOP('',(#1869));
#1869 = ORIENTED_EDGE('',*,*,#1870,.T.);
#1870 = EDGE_CURVE('',#1871,#1871,#1873,.T.);
#1871 = VERTEX_POINT('',#1872);
#1872 = CARTESIAN_POINT('',(-26.,5.5,2.));
#1873 = CIRCLE('',#1874,2.);
#1874 = AXIS2_PLACEMENT_3D('',#1875,#1876,#1877);
#1875 = CARTESIAN_POINT('',(-24.,5.5,2.));
#1876 = DIRECTION('',(2.2E-16,0.,-1.));
#1877 = DIRECTION('',(-1.,2.2E-16,-2.2E-16));
#1878 = FACE_BOUND('',#1879,.T.);
#1879 = EDGE_LOOP('',(#1880));
#1880 = ORIENTED_EDGE('',*,*,#1881,.F.);
#1881 = EDGE_CURVE('',#1882,#1882,#1884,.T.);
#1882 = VERTEX_POINT('',#1883);
#1883 = CARTESIAN_POINT('',(8.5,-5.,2.));
#1884 = CIRCLE('',#1885,1.5);
#1885 = AXIS2_PLACEMENT_3D('',#1886,#1887,#1888);
#1886 = CARTESIAN_POINT('',(7.,-5.,2.));
#1887 = DIRECTION('',(0.,0.,1.));
#1888 = DIRECTION('',(1.,0.,0.));
#1889 = FACE_BOUND('',#1890,.T.);
#1890 = EDGE_LOOP('',(#1891));
#1891 = ORIENTED_EDGE('',*,*,#1892,.F.);
#1892 = EDGE_CURVE('',#1893,#1893,#1895,.T.);
#1893 = VERTEX_POINT('',#1894);
#1894 = CARTESIAN_POINT('',(11.5,-1.5,2.));
#1895 = CIRCLE('',#1896,1.5);
#1896 = AXIS2_PLACEMENT_3D('',#1897,#1898,#1899);
#1897 = CARTESIAN_POINT('',(10.,-1.5,2.));
#1898 = DIRECTION('',(0.,0.,1.));
#1899 = DIRECTION('',(1.,0.,0.));
#1900 = FACE_BOUND('',#1901,.T.);
#1901 = EDGE_LOOP('',(#1902));
#1902 = ORIENTED_EDGE('',*,*,#1903,.F.);
#1903 = EDGE_CURVE('',#1904,#1904,#1906,.T.);
#1904 = VERTEX_POINT('',#1905);
#1905 = CARTESIAN_POINT('',(4.5,5.5,2.));
#1906 = CIRCLE('',#1907,1.5);
#1907 = AXIS2_PLACEMENT_3D('',#1908,#1909,#1910);
#1908 = CARTESIAN_POINT('',(3.,5.5,2.));
#1909 = DIRECTION('',(0.,0.,1.));
#1910 = DIRECTION('',(1.,0.,0.));
#1911 = FACE_BOUND('',#1912,.T.);
#1912 = EDGE_LOOP('',(#1913));
#1913 = ORIENTED_EDGE('',*,*,#1914,.F.);
#1914 = EDGE_CURVE('',#1915,#1915,#1917,.T.);
#1915 = VERTEX_POINT('',#1916);
#1916 = CARTESIAN_POINT('',(11.5,12.5,2.));
#1917 = CIRCLE('',#1918,1.5);
#1918 = AXIS2_PLACEMENT_3D('',#1919,#1920,#1921);
#1919 = CARTESIAN_POINT('',(10.,12.5,2.));
#1920 = DIRECTION('',(0.,0.,1.));
#1921 = DIRECTION('',(1.,0.,0.));
#1922 = FACE_BOUND('',#1923,.T.);
#1923 = EDGE_LOOP('',(#1924));
#1924 = ORIENTED_EDGE('',*,*,#1925,.F.);
#1925 = EDGE_CURVE('',#1926,#1926,#1928,.T.);
#1926 = VERTEX_POINT('',#1927);
#1927 = CARTESIAN_POINT('',(18.5,5.5,2.));
#1928 = CIRCLE('',#1929,1.5);
#1929 = AXIS2_PLACEMENT_3D('',#1930,#1931,#1932);
#1930 = CARTESIAN_POINT('',(17.,5.5,2.));
#1931 = DIRECTION('',(0.,0.,1.));
#1932 = DIRECTION('',(1.,0.,0.));
#1933 = FACE_BOUND('',#1934,.T.);
#1934 = EDGE_LOOP('',(#1935,#1946,#1955,#1964));
#1935 = ORIENTED_EDGE('',*,*,#1936,.F.);
#1936 = EDGE_CURVE('',#1937,#1939,#1941,.T.);
#1937 = VERTEX_POINT('',#1938);
#1938 = CARTESIAN_POINT('',(0.,0.5,2.));
#1939 = VERTEX_POINT('',#1940);
#1940 = CARTESIAN_POINT('',(1.5,2.,2.));
#1941 = CIRCLE('',#1942,1.5);
#1942 = AXIS2_PLACEMENT_3D('',#1943,#1944,#1945);
#1943 = CARTESIAN_POINT('',(0.,2.,2.));
#1944 = DIRECTION('',(0.,0.,1.));
#1945 = DIRECTION('',(1.,0.,-0.));
#1946 = ORIENTED_EDGE('',*,*,#1947,.T.);
#1947 = EDGE_CURVE('',#1937,#1948,#1950,.T.);
#1948 = VERTEX_POINT('',#1949);
#1949 = CARTESIAN_POINT('',(-1.5,2.,2.));
#1950 = CIRCLE('',#1951,1.5);
#1951 = AXIS2_PLACEMENT_3D('',#1952,#1953,#1954);
#1952 = CARTESIAN_POINT('',(0.,2.,2.));
#1953 = DIRECTION('',(2.2E-16,0.,-1.));
#1954 = DIRECTION('',(-1.,2.2E-16,-2.2E-16));
#1955 = ORIENTED_EDGE('',*,*,#1956,.T.);
#1956 = EDGE_CURVE('',#1948,#1957,#1959,.T.);
#1957 = VERTEX_POINT('',#1958);
#1958 = CARTESIAN_POINT('',(0.,3.5,2.));
#1959 = CIRCLE('',#1960,1.5);
#1960 = AXIS2_PLACEMENT_3D('',#1961,#1962,#1963);
#1961 = CARTESIAN_POINT('',(0.,2.,2.));
#1962 = DIRECTION('',(2.2E-16,0.,-1.));
#1963 = DIRECTION('',(-1.,2.2E-16,-2.2E-16));
#1964 = ORIENTED_EDGE('',*,*,#1965,.F.);
#1965 = EDGE_CURVE('',#1939,#1957,#1966,.T.);
#1966 = CIRCLE('',#1967,1.5);
#1967 = AXIS2_PLACEMENT_3D('',#1968,#1969,#1970);
#1968 = CARTESIAN_POINT('',(0.,2.,2.));
#1969 = DIRECTION('',(0.,0.,1.));
#1970 = DIRECTION('',(1.,0.,-0.));
#1971 = FACE_BOUND('',#1972,.T.);
#1972 = EDGE_LOOP('',(#1973,#1984,#1993,#2002));
#1973 = ORIENTED_EDGE('',*,*,#1974,.F.);
#1974 = EDGE_CURVE('',#1975,#1977,#1979,.T.);
#1975 = VERTEX_POINT('',#1976);
#1976 = CARTESIAN_POINT('',(-2.E-15,-13.5,2.));
#1977 = VERTEX_POINT('',#1978);
#1978 = CARTESIAN_POINT('',(1.5,-12.,2.));
#1979 = CIRCLE('',#1980,1.5);
#1980 = AXIS2_PLACEMENT_3D('',#1981,#1982,#1983);
#1981 = CARTESIAN_POINT('',(0.,-12.,2.));
#1982 = DIRECTION('',(0.,0.,1.));
#1983 = DIRECTION('',(1.,0.,-0.));
#1984 = ORIENTED_EDGE('',*,*,#1985,.T.);
#1985 = EDGE_CURVE('',#1975,#1986,#1988,.T.);
#1986 = VERTEX_POINT('',#1987);
#1987 = CARTESIAN_POINT('',(-1.5,-12.,2.));
#1988 = CIRCLE('',#1989,1.5);
#1989 = AXIS2_PLACEMENT_3D('',#1990,#1991,#1992);
#1990 = CARTESIAN_POINT('',(-3.11E-15,-12.,2.));
#1991 = DIRECTION('',(2.2E-16,0.,-1.));
#1992 = DIRECTION('',(-1.,2.2E-16,-2.2E-16));
#1993 = ORIENTED_EDGE('',*,*,#1994,.T.);
#1994 = EDGE_CURVE('',#1986,#1995,#1997,.T.);
#1995 = VERTEX_POINT('',#1996);
#1996 = CARTESIAN_POINT('',(-1.E-15,-10.5,2.));
#1997 = CIRCLE('',#1998,1.5);
#1998 = AXIS2_PLACEMENT_3D('',#1999,#2000,#2001);
#1999 = CARTESIAN_POINT('',(-3.11E-15,-12.,2.));
#2000 = DIRECTION('',(2.2E-16,0.,-1.));
#2001 = DIRECTION('',(-1.,2.2E-16,-2.2E-16));
#2002 = ORIENTED_EDGE('',*,*,#2003,.F.);
#2003 = EDGE_CURVE('',#1977,#1995,#2004,.T.);
#2004 = CIRCLE('',#2005,1.5);
#2005 = AXIS2_PLACEMENT_3D('',#2006,#2007,#2008);
#2006 = CARTESIAN_POINT('',(0.,-12.,2.));
#2007 = DIRECTION('',(0.,0.,1.));
#2008 = DIRECTION('',(1.,0.,-0.));
#2009 = FACE_BOUND('',#2010,.T.);
#2010 = EDGE_LOOP('',(#2011));
#2011 = ORIENTED_EDGE('',*,*,#2012,.T.);
#2012 = EDGE_CURVE('',#2013,#2013,#2015,.T.);
#2013 = VERTEX_POINT('',#2014);
#2014 = CARTESIAN_POINT('',(-8.5,-5.,2.));
#2015 = CIRCLE('',#2016,1.5);
#2016 = AXIS2_PLACEMENT_3D('',#2017,#2018,#2019);
#2017 = CARTESIAN_POINT('',(-7.,-5.,2.));
#2018 = DIRECTION('',(2.2E-16,0.,-1.));
#2019 = DIRECTION('',(-1.,2.2E-16,-2.2E-16));
#2020 = FACE_BOUND('',#2021,.T.);
#2021 = EDGE_LOOP('',(#2022));
#2022 = ORIENTED_EDGE('',*,*,#2023,.T.);
#2023 = EDGE_CURVE('',#2024,#2024,#2026,.T.);
#2024 = VERTEX_POINT('',#2025);
#2025 = CARTESIAN_POINT('',(-11.5,-1.5,2.));
#2026 = CIRCLE('',#2027,1.5);
#2027 = AXIS2_PLACEMENT_3D('',#2028,#2029,#2030);
#2028 = CARTESIAN_POINT('',(-10.,-1.5,2.));
#2029 = DIRECTION('',(2.2E-16,0.,-1.));
#2030 = DIRECTION('',(-1.,2.2E-16,-2.2E-16));
#2031 = FACE_BOUND('',#2032,.T.);
#2032 = EDGE_LOOP('',(#2033));
#2033 = ORIENTED_EDGE('',*,*,#2034,.T.);
#2034 = EDGE_CURVE('',#2035,#2035,#2037,.T.);
#2035 = VERTEX_POINT('',#2036);
#2036 = CARTESIAN_POINT('',(-4.5,5.5,2.));
#2037 = CIRCLE('',#2038,1.5);
#2038 = AXIS2_PLACEMENT_3D('',#2039,#2040,#2041);
#2039 = CARTESIAN_POINT('',(-3.,5.5,2.));
#2040 = DIRECTION('',(2.2E-16,0.,-1.));
#2041 = DIRECTION('',(-1.,2.2E-16,-2.2E-16));
#2042 = FACE_BOUND('',#2043,.T.);
#2043 = EDGE_LOOP('',(#2044));
#2044 = ORIENTED_EDGE('',*,*,#2045,.T.);
#2045 = EDGE_CURVE('',#2046,#2046,#2048,.T.);
#2046 = VERTEX_POINT('',#2047);
#2047 = CARTESIAN_POINT('',(-11.5,12.5,2.));
#2048 = CIRCLE('',#2049,1.5);
#2049 = AXIS2_PLACEMENT_3D('',#2050,#2051,#2052);
#2050 = CARTESIAN_POINT('',(-10.,12.5,2.));
#2051 = DIRECTION('',(2.2E-16,0.,-1.));
#2052 = DIRECTION('',(-1.,2.2E-16,-2.2E-16));
#2053 = FACE_BOUND('',#2054,.T.);
#2054 = EDGE_LOOP('',(#2055));
#2055 = ORIENTED_EDGE('',*,*,#2056,.T.);
#2056 = EDGE_CURVE('',#2057,#2057,#2059,.T.);
#2057 = VERTEX_POINT('',#2058);
#2058 = CARTESIAN_POINT('',(-18.5,5.5,2.));
#2059 = CIRCLE('',#2060,1.5);
#2060 = AXIS2_PLACEMENT_3D('',#2061,#2062,#2063);
#2061 = CARTESIAN_POINT('',(-17.,5.5,2.));
#2062 = DIRECTION('',(2.2E-16,0.,-1.));
#2063 = DIRECTION('',(-1.,2.2E-16,-2.2E-16));
#2064 = PLANE('',#2065);
#2065 = AXIS2_PLACEMENT_3D('',#2066,#2067,#2068);
#2066 = CARTESIAN_POINT('',(-6.1E-16,0.386608818593,2.));
#2067 = DIRECTION('',(0.,0.,1.));
#2068 = DIRECTION('',(1.,0.,-0.));
#2069 = ADVANCED_FACE('',(#2070),#2089,.F.);
#2070 = FACE_BOUND('',#2071,.F.);
#2071 = EDGE_LOOP('',(#2072,#2080,#2081,#2082));
#2072 = ORIENTED_EDGE('',*,*,#2073,.F.);
#2073 = EDGE_CURVE('',#1778,#2074,#2076,.T.);
#2074 = VERTEX_POINT('',#2075);
#2075 = CARTESIAN_POINT('',(14.,5.5,0.));
#2076 = LINE('',#2077,#2078);
#2077 = CARTESIAN_POINT('',(14.,5.5,2.));
#2078 = VECTOR('',#2079,1.);
#2079 = DIRECTION('',(-0.,-0.,-1.));
#2080 = ORIENTED_EDGE('',*,*,#1777,.F.);
#2081 = ORIENTED_EDGE('',*,*,#2073,.T.);
#2082 = ORIENTED_EDGE('',*,*,#2083,.T.);
#2083 = EDGE_CURVE('',#2074,#2074,#2084,.T.);
#2084 = CIRCLE('',#2085,4.);
#2085 = AXIS2_PLACEMENT_3D('',#2086,#2087,#2088);
#2086 = CARTESIAN_POINT('',(10.,5.5,0.));
#2087 = DIRECTION('',(0.,0.,1.));
#2088 = DIRECTION('',(1.,0.,0.));
#2089 = CYLINDRICAL_SURFACE('',#2090,4.);
#2090 = AXIS2_PLACEMENT_3D('',#2091,#2092,#2093);
#2091 = CARTESIAN_POINT('',(10.,5.5,2.));
#2092 = DIRECTION('',(0.,0.,1.));
#2093 = DIRECTION('',(1.,0.,0.));
#2094 = ADVANCED_FACE('',(#2095),#2114,.F.);
#2095 = FACE_BOUND('',#2096,.T.);
#2096 = EDGE_LOOP('',(#2097,#2105,#2106,#2107));
#2097 = ORIENTED_EDGE('',*,*,#2098,.F.);
#2098 = EDGE_CURVE('',#1827,#2099,#2101,.T.);
#2099 = VERTEX_POINT('',#2100);
#2100 = CARTESIAN_POINT('',(-14.,5.5,-3.E-15));
#2101 = LINE('',#2102,#2103);
#2102 = CARTESIAN_POINT('',(-14.,5.5,2.));
#2103 = VECTOR('',#2104,1.);
#2104 = DIRECTION('',(2.2E-16,0.,-1.));
#2105 = ORIENTED_EDGE('',*,*,#1826,.F.);
#2106 = ORIENTED_EDGE('',*,*,#2098,.T.);
#2107 = ORIENTED_EDGE('',*,*,#2108,.T.);
#2108 = EDGE_CURVE('',#2099,#2099,#2109,.T.);
#2109 = CIRCLE('',#2110,4.);
#2110 = AXIS2_PLACEMENT_3D('',#2111,#2112,#2113);
#2111 = CARTESIAN_POINT('',(-10.,5.5,-2.22E-15));
#2112 = DIRECTION('',(2.2E-16,0.,-1.));
#2113 = DIRECTION('',(-1.,2.2E-16,-2.2E-16));
#2114 = CYLINDRICAL_SURFACE('',#2115,4.);
#2115 = AXIS2_PLACEMENT_3D('',#2116,#2117,#2118);
#2116 = CARTESIAN_POINT('',(-10.,5.5,2.));
#2117 = DIRECTION('',(-2.2E-16,0.,1.));
#2118 = DIRECTION('',(-1.,2.2E-16,-2.2E-16));
#2119 = ADVANCED_FACE('',(#2120),#2139,.F.);
#2120 = FACE_BOUND('',#2121,.F.);
#2121 = EDGE_LOOP('',(#2122,#2130,#2131,#2132));
#2122 = ORIENTED_EDGE('',*,*,#2123,.F.);
#2123 = EDGE_CURVE('',#1838,#2124,#2126,.T.);
#2124 = VERTEX_POINT('',#2125);
#2125 = CARTESIAN_POINT('',(26.,-4.5,0.));
#2126 = LINE('',#2127,#2128);
#2127 = CARTESIAN_POINT('',(26.,-4.5,2.));
#2128 = VECTOR('',#2129,1.);
#2129 = DIRECTION('',(-0.,-0.,-1.));
#2130 = ORIENTED_EDGE('',*,*,#1837,.F.);
#2131 = ORIENTED_EDGE('',*,*,#2123,.T.);
#2132 = ORIENTED_EDGE('',*,*,#2133,.T.);
#2133 = EDGE_CURVE('',#2124,#2124,#2134,.T.);
#2134 = CIRCLE('',#2135,2.);
#2135 = AXIS2_PLACEMENT_3D('',#2136,#2137,#2138);
#2136 = CARTESIAN_POINT('',(24.,-4.5,0.));
#2137 = DIRECTION('',(0.,0.,1.));
#2138 = DIRECTION('',(1.,0.,0.));
#2139 = CYLINDRICAL_SURFACE('',#2140,2.);
#2140 = AXIS2_PLACEMENT_3D('',#2141,#2142,#2143);
#2141 = CARTESIAN_POINT('',(24.,-4.5,2.));
#2142 = DIRECTION('',(0.,0.,1.));
#2143 = DIRECTION('',(1.,0.,0.));
#2144 = ADVANCED_FACE('',(#2145),#2164,.F.);
#2145 = FACE_BOUND('',#2146,.F.);
#2146 = EDGE_LOOP('',(#2147,#2155,#2156,#2157));
#2147 = ORIENTED_EDGE('',*,*,#2148,.F.);
#2148 = EDGE_CURVE('',#1849,#2149,#2151,.T.);
#2149 = VERTEX_POINT('',#2150);
#2150 = CARTESIAN_POINT('',(26.,5.5,0.));
#2151 = LINE('',#2152,#2153);
#2152 = CARTESIAN_POINT('',(26.,5.5,2.));
#2153 = VECTOR('',#2154,1.);
#2154 = DIRECTION('',(-0.,-0.,-1.));
#2155 = ORIENTED_EDGE('',*,*,#1848,.F.);
#2156 = ORIENTED_EDGE('',*,*,#2148,.T.);
#2157 = ORIENTED_EDGE('',*,*,#2158,.T.);
#2158 = EDGE_CURVE('',#2149,#2149,#2159,.T.);
#2159 = CIRCLE('',#2160,2.);
#2160 = AXIS2_PLACEMENT_3D('',#2161,#2162,#2163);
#2161 = CARTESIAN_POINT('',(24.,5.5,0.));
#2162 = DIRECTION('',(0.,0.,1.));
#2163 = DIRECTION('',(1.,0.,0.));
#2164 = CYLINDRICAL_SURFACE('',#2165,2.);
#2165 = AXIS2_PLACEMENT_3D('',#2166,#2167,#2168);
#2166 = CARTESIAN_POINT('',(24.,5.5,2.));
#2167 = DIRECTION('',(0.,0.,1.));
#2168 = DIRECTION('',(1.,0.,0.));
#2169 = ADVANCED_FACE('',(#2170),#2189,.F.);
#2170 = FACE_BOUND('',#2171,.T.);
#2171 = EDGE_LOOP('',(#2172,#2180,#2181,#2182));
#2172 = ORIENTED_EDGE('',*,*,#2173,.F.);
#2173 = EDGE_CURVE('',#1860,#2174,#2176,.T.);
#2174 = VERTEX_POINT('',#2175);
#2175 = CARTESIAN_POINT('',(-26.,-4.5,-6.E-15));
#2176 = LINE('',#2177,#2178);
#2177 = CARTESIAN_POINT('',(-26.,-4.5,2.));
#2178 = VECTOR('',#2179,1.);
#2179 = DIRECTION('',(2.2E-16,0.,-1.));
#2180 = ORIENTED_EDGE('',*,*,#1859,.F.);
#2181 = ORIENTED_EDGE('',*,*,#2173,.T.);
#2182 = ORIENTED_EDGE('',*,*,#2183,.T.);
#2183 = EDGE_CURVE('',#2174,#2174,#2184,.T.);
#2184 = CIRCLE('',#2185,2.);
#2185 = AXIS2_PLACEMENT_3D('',#2186,#2187,#2188);
#2186 = CARTESIAN_POINT('',(-24.,-4.5,-5.33E-15));
#2187 = DIRECTION('',(2.2E-16,0.,-1.));
#2188 = DIRECTION('',(-1.,2.2E-16,-2.2E-16));
#2189 = CYLINDRICAL_SURFACE('',#2190,2.);
#2190 = AXIS2_PLACEMENT_3D('',#2191,#2192,#2193);
#2191 = CARTESIAN_POINT('',(-24.,-4.5,2.));
#2192 = DIRECTION('',(-2.2E-16,0.,1.));
#2193 = DIRECTION('',(-1.,2.2E-16,-2.2E-16));
#2194 = ADVANCED_FACE('',(#2195),#2214,.F.);
#2195 = FACE_BOUND('',#2196,.T.);
#2196 = EDGE_LOOP('',(#2197,#2205,#2206,#2207));
#2197 = ORIENTED_EDGE('',*,*,#2198,.F.);
#2198 = EDGE_CURVE('',#1871,#2199,#2201,.T.);
#2199 = VERTEX_POINT('',#2200);
#2200 = CARTESIAN_POINT('',(-26.,5.5,-6.E-15));
#2201 = LINE('',#2202,#2203);
#2202 = CARTESIAN_POINT('',(-26.,5.5,2.));
#2203 = VECTOR('',#2204,1.);
#2204 = DIRECTION('',(2.2E-16,0.,-1.));
#2205 = ORIENTED_EDGE('',*,*,#1870,.F.);
#2206 = ORIENTED_EDGE('',*,*,#2198,.T.);
#2207 = ORIENTED_EDGE('',*,*,#2208,.T.);
#2208 = EDGE_CURVE('',#2199,#2199,#2209,.T.);
#2209 = CIRCLE('',#2210,2.);
#2210 = AXIS2_PLACEMENT_3D('',#2211,#2212,#2213);
#2211 = CARTESIAN_POINT('',(-24.,5.5,-5.33E-15));
#2212 = DIRECTION('',(2.2E-16,0.,-1.));
#2213 = DIRECTION('',(-1.,2.2E-16,-2.2E-16));
#2214 = CYLINDRICAL_SURFACE('',#2215,2.);
#2215 = AXIS2_PLACEMENT_3D('',#2216,#2217,#2218);
#2216 = CARTESIAN_POINT('',(-24.,5.5,2.));
#2217 = DIRECTION('',(-2.2E-16,0.,1.));
#2218 = DIRECTION('',(-1.,2.2E-16,-2.2E-16));
#2219 = ADVANCED_FACE('',(#2220),#2239,.F.);
#2220 = FACE_BOUND('',#2221,.F.);
#2221 = EDGE_LOOP('',(#2222,#2230,#2231,#2232));
#2222 = ORIENTED_EDGE('',*,*,#2223,.F.);
#2223 = EDGE_CURVE('',#1882,#2224,#2226,.T.);
#2224 = VERTEX_POINT('',#2225);
#2225 = CARTESIAN_POINT('',(8.5,-5.,0.));
#2226 = LINE('',#2227,#2228);
#2227 = CARTESIAN_POINT('',(8.5,-5.,2.));
#2228 = VECTOR('',#2229,1.);
#2229 = DIRECTION('',(-0.,-0.,-1.));
#2230 = ORIENTED_EDGE('',*,*,#1881,.F.);
#2231 = ORIENTED_EDGE('',*,*,#2223,.T.);
#2232 = ORIENTED_EDGE('',*,*,#2233,.T.);
#2233 = EDGE_CURVE('',#2224,#2224,#2234,.T.);
#2234 = CIRCLE('',#2235,1.5);
#2235 = AXIS2_PLACEMENT_3D('',#2236,#2237,#2238);
#2236 = CARTESIAN_POINT('',(7.,-5.,0.));
#2237 = DIRECTION('',(0.,0.,1.));
#2238 = DIRECTION('',(1.,0.,0.));
#2239 = CYLINDRICAL_SURFACE('',#2240,1.5);
#2240 = AXIS2_PLACEMENT_3D('',#2241,#2242,#2243);
#2241 = CARTESIAN_POINT('',(7.,-5.,2.));
#2242 = DIRECTION('',(0.,0.,1.));
#2243 = DIRECTION('',(1.,0.,0.));
#2244 = ADVANCED_FACE('',(#2245),#2264,.F.);
#2245 = FACE_BOUND('',#2246,.F.);
#2246 = EDGE_LOOP('',(#2247,#2255,#2256,#2257));
#2247 = ORIENTED_EDGE('',*,*,#2248,.F.);
#2248 = EDGE_CURVE('',#1893,#2249,#2251,.T.);
#2249 = VERTEX_POINT('',#2250);
#2250 = CARTESIAN_POINT('',(11.5,-1.5,0.));
#2251 = LINE('',#2252,#2253);
#2252 = CARTESIAN_POINT('',(11.5,-1.5,2.));
#2253 = VECTOR('',#2254,1.);
#2254 = DIRECTION('',(-0.,-0.,-1.));
#2255 = ORIENTED_EDGE('',*,*,#1892,.F.);
#2256 = ORIENTED_EDGE('',*,*,#2248,.T.);
#2257 = ORIENTED_EDGE('',*,*,#2258,.T.);
#2258 = EDGE_CURVE('',#2249,#2249,#2259,.T.);
#2259 = CIRCLE('',#2260,1.5);
#2260 = AXIS2_PLACEMENT_3D('',#2261,#2262,#2263);
#2261 = CARTESIAN_POINT('',(10.,-1.5,0.));
#2262 = DIRECTION('',(0.,0.,1.));
#2263 = DIRECTION('',(1.,0.,0.));
#2264 = CYLINDRICAL_SURFACE('',#2265,1.5);
#2265 = AXIS2_PLACEMENT_3D('',#2266,#2267,#2268);
#2266 = CARTESIAN_POINT('',(10.,-1.5,2.));
#2267 = DIRECTION('',(0.,0.,1.));
#2268 = DIRECTION('',(1.,0.,0.));
#2269 = ADVANCED_FACE('',(#2270),#2289,.F.);
#2270 = FACE_BOUND('',#2271,.F.);
#2271 = EDGE_LOOP('',(#2272,#2280,#2281,#2282));
#2272 = ORIENTED_EDGE('',*,*,#2273,.F.);
#2273 = EDGE_CURVE('',#1904,#2274,#2276,.T.);
#2274 = VERTEX_POINT('',#2275);
#2275 = CARTESIAN_POINT('',(4.5,5.5,0.));
#2276 = LINE('',#2277,#2278);
#2277 = CARTESIAN_POINT('',(4.5,5.5,2.));
#2278 = VECTOR('',#2279,1.);
#2279 = DIRECTION('',(-0.,-0.,-1.));
#2280 = ORIENTED_EDGE('',*,*,#1903,.F.);
#2281 = ORIENTED_EDGE('',*,*,#2273,.T.);
#2282 = ORIENTED_EDGE('',*,*,#2283,.T.);
#2283 = EDGE_CURVE('',#2274,#2274,#2284,.T.);
#2284 = CIRCLE('',#2285,1.5);
#2285 = AXIS2_PLACEMENT_3D('',#2286,#2287,#2288);
#2286 = CARTESIAN_POINT('',(3.,5.5,0.));
#2287 = DIRECTION('',(0.,0.,1.));
#2288 = DIRECTION('',(1.,0.,0.));
#2289 = CYLINDRICAL_SURFACE('',#2290,1.5);
#2290 = AXIS2_PLACEMENT_3D('',#2291,#2292,#2293);
#2291 = CARTESIAN_POINT('',(3.,5.5,2.));
#2292 = DIRECTION('',(0.,0.,1.));
#2293 = DIRECTION('',(1.,0.,0.));
#2294 = ADVANCED_FACE('',(#2295),#2314,.F.);
#2295 = FACE_BOUND('',#2296,.F.);
#2296 = EDGE_LOOP('',(#2297,#2305,#2306,#2307));
#2297 = ORIENTED_EDGE('',*,*,#2298,.F.);
#2298 = EDGE_CURVE('',#1915,#2299,#2301,.T.);
#2299 = VERTEX_POINT('',#2300);
#2300 = CARTESIAN_POINT('',(11.5,12.5,0.));
#2301 = LINE('',#2302,#2303);
#2302 = CARTESIAN_POINT('',(11.5,12.5,2.));
#2303 = VECTOR('',#2304,1.);
#2304 = DIRECTION('',(-0.,-0.,-1.));
#2305 = ORIENTED_EDGE('',*,*,#1914,.F.);
#2306 = ORIENTED_EDGE('',*,*,#2298,.T.);
#2307 = ORIENTED_EDGE('',*,*,#2308,.T.);
#2308 = EDGE_CURVE('',#2299,#2299,#2309,.T.);
#2309 = CIRCLE('',#2310,1.5);
#2310 = AXIS2_PLACEMENT_3D('',#2311,#2312,#2313);
#2311 = CARTESIAN_POINT('',(10.,12.5,0.));
#2312 = DIRECTION('',(0.,0.,1.));
#2313 = DIRECTION('',(1.,0.,0.));
#2314 = CYLINDRICAL_SURFACE('',#2315,1.5);
#2315 = AXIS2_PLACEMENT_3D('',#2316,#2317,#2318);
#2316 = CARTESIAN_POINT('',(10.,12.5,2.));
#2317 = DIRECTION('',(0.,0.,1.));
#2318 = DIRECTION('',(1.,0.,0.));
#2319 = ADVANCED_FACE('',(#2320),#2339,.F.);
#2320 = FACE_BOUND('',#2321,.F.);
#2321 = EDGE_LOOP('',(#2322,#2330,#2331,#2332));
#2322 = ORIENTED_EDGE('',*,*,#2323,.F.);
#2323 = EDGE_CURVE('',#1926,#2324,#2326,.T.);
#2324 = VERTEX_POINT('',#2325);
#2325 = CARTESIAN_POINT('',(18.5,5.5,0.));
#2326 = LINE('',#2327,#2328);
#2327 = CARTESIAN_POINT('',(18.5,5.5,2.));
#2328 = VECTOR('',#2329,1.);
#2329 = DIRECTION('',(-0.,-0.,-1.));
#2330 = ORIENTED_EDGE('',*,*,#1925,.F.);
#2331 = ORIENTED_EDGE('',*,*,#2323,.T.);
#2332 = ORIENTED_EDGE('',*,*,#2333,.T.);
#2333 = EDGE_CURVE('',#2324,#2324,#2334,.T.);
#2334 = CIRCLE('',#2335,1.5);
#2335 = AXIS2_PLACEMENT_3D('',#2336,#2337,#2338);
#2336 = CARTESIAN_POINT('',(17.,5.5,0.));
#2337 = DIRECTION('',(0.,0.,1.));
#2338 = DIRECTION('',(1.,0.,0.));
#2339 = CYLINDRICAL_SURFACE('',#2340,1.5);
#2340 = AXIS2_PLACEMENT_3D('',#2341,#2342,#2343);
#2341 = CARTESIAN_POINT('',(17.,5.5,2.));
#2342 = DIRECTION('',(0.,0.,1.));
#2343 = DIRECTION('',(1.,0.,0.));
#2344 = ADVANCED_FACE('',(#2345),#2364,.F.);
#2345 = FACE_BOUND('',#2346,.T.);
#2346 = EDGE_LOOP('',(#2347,#2355,#2356,#2357));
#2347 = ORIENTED_EDGE('',*,*,#2348,.F.);
#2348 = EDGE_CURVE('',#2013,#2349,#2351,.T.);
#2349 = VERTEX_POINT('',#2350);
#2350 = CARTESIAN_POINT('',(-8.5,-5.,-2.E-15));
#2351 = LINE('',#2352,#2353);
#2352 = CARTESIAN_POINT('',(-8.5,-5.,2.));
#2353 = VECTOR('',#2354,1.);
#2354 = DIRECTION('',(2.2E-16,0.,-1.));
#2355 = ORIENTED_EDGE('',*,*,#2012,.F.);
#2356 = ORIENTED_EDGE('',*,*,#2348,.T.);
#2357 = ORIENTED_EDGE('',*,*,#2358,.T.);
#2358 = EDGE_CURVE('',#2349,#2349,#2359,.T.);
#2359 = CIRCLE('',#2360,1.5);
#2360 = AXIS2_PLACEMENT_3D('',#2361,#2362,#2363);
#2361 = CARTESIAN_POINT('',(-7.,-5.,-1.55E-15));
#2362 = DIRECTION('',(2.2E-16,0.,-1.));
#2363 = DIRECTION('',(-1.,2.2E-16,-2.2E-16));
#2364 = CYLINDRICAL_SURFACE('',#2365,1.5);
#2365 = AXIS2_PLACEMENT_3D('',#2366,#2367,#2368);
#2366 = CARTESIAN_POINT('',(-7.,-5.,2.));
#2367 = DIRECTION('',(-2.2E-16,0.,1.));
#2368 = DIRECTION('',(-1.,2.2E-16,-2.2E-16));
#2369 = ADVANCED_FACE('',(#2370),#2389,.F.);
#2370 = FACE_BOUND('',#2371,.T.);
#2371 = EDGE_LOOP('',(#2372,#2380,#2381,#2382));
#2372 = ORIENTED_EDGE('',*,*,#2373,.F.);
#2373 = EDGE_CURVE('',#2024,#2374,#2376,.T.);
#2374 = VERTEX_POINT('',#2375);
#2375 = CARTESIAN_POINT('',(-11.5,-1.5,-3.E-15));
#2376 = LINE('',#2377,#2378);
#2377 = CARTESIAN_POINT('',(-11.5,-1.5,2.));
#2378 = VECTOR('',#2379,1.);
#2379 = DIRECTION('',(2.2E-16,0.,-1.));
#2380 = ORIENTED_EDGE('',*,*,#2023,.F.);
#2381 = ORIENTED_EDGE('',*,*,#2373,.T.);
#2382 = ORIENTED_EDGE('',*,*,#2383,.T.);
#2383 = EDGE_CURVE('',#2374,#2374,#2384,.T.);
#2384 = CIRCLE('',#2385,1.5);
#2385 = AXIS2_PLACEMENT_3D('',#2386,#2387,#2388);
#2386 = CARTESIAN_POINT('',(-10.,-1.5,-2.22E-15));
#2387 = DIRECTION('',(2.2E-16,0.,-1.));
#2388 = DIRECTION('',(-1.,2.2E-16,-2.2E-16));
#2389 = CYLINDRICAL_SURFACE('',#2390,1.5);
#2390 = AXIS2_PLACEMENT_3D('',#2391,#2392,#2393);
#2391 = CARTESIAN_POINT('',(-10.,-1.5,2.));
#2392 = DIRECTION('',(-2.2E-16,0.,1.));
#2393 = DIRECTION('',(-1.,2.2E-16,-2.2E-16));
#2394 = ADVANCED_FACE('',(#2395),#2414,.F.);
#2395 = FACE_BOUND('',#2396,.T.);
#2396 = EDGE_LOOP('',(#2397,#2405,#2406,#2407));
#2397 = ORIENTED_EDGE('',*,*,#2398,.F.);
#2398 = EDGE_CURVE('',#2035,#2399,#2401,.T.);
#2399 = VERTEX_POINT('',#2400);
#2400 = CARTESIAN_POINT('',(-4.5,5.5,-1.E-15));
#2401 = LINE('',#2402,#2403);
#2402 = CARTESIAN_POINT('',(-4.5,5.5,2.));
#2403 = VECTOR('',#2404,1.);
#2404 = DIRECTION('',(2.2E-16,0.,-1.));
#2405 = ORIENTED_EDGE('',*,*,#2034,.F.);
#2406 = ORIENTED_EDGE('',*,*,#2398,.T.);
#2407 = ORIENTED_EDGE('',*,*,#2408,.T.);
#2408 = EDGE_CURVE('',#2399,#2399,#2409,.T.);
#2409 = CIRCLE('',#2410,1.5);
#2410 = AXIS2_PLACEMENT_3D('',#2411,#2412,#2413);
#2411 = CARTESIAN_POINT('',(-3.,5.5,-6.7E-16));
#2412 = DIRECTION('',(2.2E-16,0.,-1.));
#2413 = DIRECTION('',(-1.,2.2E-16,-2.2E-16));
#2414 = CYLINDRICAL_SURFACE('',#2415,1.5);
#2415 = AXIS2_PLACEMENT_3D('',#2416,#2417,#2418);
#2416 = CARTESIAN_POINT('',(-3.,5.5,2.));
#2417 = DIRECTION('',(-2.2E-16,0.,1.));
#2418 = DIRECTION('',(-1.,2.2E-16,-2.2E-16));
#2419 = ADVANCED_FACE('',(#2420),#2439,.F.);
#2420 = FACE_BOUND('',#2421,.T.);
#2421 = EDGE_LOOP('',(#2422,#2430,#2431,#2432));
#2422 = ORIENTED_EDGE('',*,*,#2423,.F.);
#2423 = EDGE_CURVE('',#2046,#2424,#2426,.T.);
#2424 = VERTEX_POINT('',#2425);
#2425 = CARTESIAN_POINT('',(-11.5,12.5,-3.E-15));
#2426 = LINE('',#2427,#2428);
#2427 = CARTESIAN_POINT('',(-11.5,12.5,2.));
#2428 = VECTOR('',#2429,1.);
#2429 = DIRECTION('',(2.2E-16,0.,-1.));
#2430 = ORIENTED_EDGE('',*,*,#2045,.F.);
#2431 = ORIENTED_EDGE('',*,*,#2423,.T.);
#2432 = ORIENTED_EDGE('',*,*,#2433,.T.);
#2433 = EDGE_CURVE('',#2424,#2424,#2434,.T.);
#2434 = CIRCLE('',#2435,1.5);
#2435 = AXIS2_PLACEMENT_3D('',#2436,#2437,#2438);
#2436 = CARTESIAN_POINT('',(-10.,12.5,-2.22E-15));
#2437 = DIRECTION('',(2.2E-16,0.,-1.));
#2438 = DIRECTION('',(-1.,2.2E-16,-2.2E-16));
#2439 = CYLINDRICAL_SURFACE('',#2440,1.5);
#2440 = AXIS2_PLACEMENT_3D('',#2441,#2442,#2443);
#2441 = CARTESIAN_POINT('',(-10.,12.5,2.));
#2442 = DIRECTION('',(-2.2E-16,0.,1.));
#2443 = DIRECTION('',(-1.,2.2E-16,-2.2E-16));
#2444 = ADVANCED_FACE('',(#2445),#2464,.F.);
#2445 = FACE_BOUND('',#2446,.T.);
#2446 = EDGE_LOOP('',(#2447,#2455,#2456,#2457));
#2447 = ORIENTED_EDGE('',*,*,#2448,.F.);
#2448 = EDGE_CURVE('',#2057,#2449,#2451,.T.);
#2449 = VERTEX_POINT('',#2450);
#2450 = CARTESIAN_POINT('',(-18.5,5.5,-4.E-15));
#2451 = LINE('',#2452,#2453);
#2452 = CARTESIAN_POINT('',(-18.5,5.5,2.));
#2453 = VECTOR('',#2454,1.);
#2454 = DIRECTION('',(2.2E-16,0.,-1.));
#2455 = ORIENTED_EDGE('',*,*,#2056,.F.);
#2456 = ORIENTED_EDGE('',*,*,#2448,.T.);
#2457 = ORIENTED_EDGE('',*,*,#2458,.T.);
#2458 = EDGE_CURVE('',#2449,#2449,#2459,.T.);
#2459 = CIRCLE('',#2460,1.5);
#2460 = AXIS2_PLACEMENT_3D('',#2461,#2462,#2463);
#2461 = CARTESIAN_POINT('',(-17.,5.5,-3.77E-15));
#2462 = DIRECTION('',(2.2E-16,0.,-1.));
#2463 = DIRECTION('',(-1.,2.2E-16,-2.2E-16));
#2464 = CYLINDRICAL_SURFACE('',#2465,1.5);
#2465 = AXIS2_PLACEMENT_3D('',#2466,#2467,#2468);
#2466 = CARTESIAN_POINT('',(-17.,5.5,2.));
#2467 = DIRECTION('',(-2.2E-16,0.,1.));
#2468 = DIRECTION('',(-1.,2.2E-16,-2.2E-16));
#2469 = ADVANCED_FACE('',(#2470,#2502,#2505,#2543,#2546,#2549,#2552,
    #2555,#2558,#2561,#2564,#2567,#2570,#2573,#2611,#2649,#2652,#2655,
    #2658,#2661),#2664,.T.);
#2470 = FACE_BOUND('',#2471,.T.);
#2471 = EDGE_LOOP('',(#2472,#2473,#2474,#2480,#2481,#2482,#2483,#2484,
    #2485,#2486,#2487,#2488,#2489,#2495,#2496,#2497,#2498,#2499,#2500,
    #2501));
#2472 = ORIENTED_EDGE('',*,*,#128,.F.);
#2473 = ORIENTED_EDGE('',*,*,#56,.F.);
#2474 = ORIENTED_EDGE('',*,*,#2475,.F.);
#2475 = EDGE_CURVE('',#833,#48,#2476,.T.);
#2476 = LINE('',#2477,#2478);
#2477 = CARTESIAN_POINT('',(0.,-17.,0.));
#2478 = VECTOR('',#2479,1.);
#2479 = DIRECTION('',(1.,0.,0.));
#2480 = ORIENTED_EDGE('',*,*,#841,.T.);
#2481 = ORIENTED_EDGE('',*,*,#905,.T.);
#2482 = ORIENTED_EDGE('',*,*,#936,.T.);
#2483 = ORIENTED_EDGE('',*,*,#1202,.T.);
#2484 = ORIENTED_EDGE('',*,*,#1233,.T.);
#2485 = ORIENTED_EDGE('',*,*,#1108,.T.);
#2486 = ORIENTED_EDGE('',*,*,#1059,.T.);
#2487 = ORIENTED_EDGE('',*,*,#1011,.T.);
#2488 = ORIENTED_EDGE('',*,*,#969,.T.);
#2489 = ORIENTED_EDGE('',*,*,#2490,.T.);
#2490 = EDGE_CURVE('',#972,#195,#2491,.T.);
#2491 = LINE('',#2492,#2493);
#2492 = CARTESIAN_POINT('',(-18.,17.,-4.E-15));
#2493 = VECTOR('',#2494,1.);
#2494 = DIRECTION('',(1.,-2.2E-16,2.2E-16));
#2495 = ORIENTED_EDGE('',*,*,#192,.F.);
#2496 = ORIENTED_EDGE('',*,*,#234,.F.);
#2497 = ORIENTED_EDGE('',*,*,#282,.F.);
#2498 = ORIENTED_EDGE('',*,*,#331,.F.);
#2499 = ORIENTED_EDGE('',*,*,#456,.F.);
#2500 = ORIENTED_EDGE('',*,*,#425,.F.);
#2501 = ORIENTED_EDGE('',*,*,#159,.F.);
#2502 = FACE_BOUND('',#2503,.T.);
#2503 = EDGE_LOOP('',(#2504));
#2504 = ORIENTED_EDGE('',*,*,#2083,.T.);
#2505 = FACE_BOUND('',#2506,.T.);
#2506 = EDGE_LOOP('',(#2507,#2518,#2527,#2536));
#2507 = ORIENTED_EDGE('',*,*,#2508,.T.);
#2508 = EDGE_CURVE('',#2509,#2511,#2513,.T.);
#2509 = VERTEX_POINT('',#2510);
#2510 = CARTESIAN_POINT('',(-1.E-15,-9.,-0.));
#2511 = VERTEX_POINT('',#2512);
#2512 = CARTESIAN_POINT('',(4.,-5.,0.));
#2513 = CIRCLE('',#2514,4.);
#2514 = AXIS2_PLACEMENT_3D('',#2515,#2516,#2517);
#2515 = CARTESIAN_POINT('',(0.,-5.,0.));
#2516 = DIRECTION('',(0.,0.,1.));
#2517 = DIRECTION('',(1.,0.,-0.));
#2518 = ORIENTED_EDGE('',*,*,#2519,.T.);
#2519 = EDGE_CURVE('',#2511,#2520,#2522,.T.);
#2520 = VERTEX_POINT('',#2521);
#2521 = CARTESIAN_POINT('',(-0.,-1.,-0.));
#2522 = CIRCLE('',#2523,4.);
#2523 = AXIS2_PLACEMENT_3D('',#2524,#2525,#2526);
#2524 = CARTESIAN_POINT('',(0.,-5.,0.));
#2525 = DIRECTION('',(0.,0.,1.));
#2526 = DIRECTION('',(1.,0.,-0.));
#2527 = ORIENTED_EDGE('',*,*,#2528,.F.);
#2528 = EDGE_CURVE('',#2529,#2520,#2531,.T.);
#2529 = VERTEX_POINT('',#2530);
#2530 = CARTESIAN_POINT('',(-4.,-5.,-1.E-15));
#2531 = CIRCLE('',#2532,4.);
#2532 = AXIS2_PLACEMENT_3D('',#2533,#2534,#2535);
#2533 = CARTESIAN_POINT('',(-1.11E-15,-5.,-0.));
#2534 = DIRECTION('',(2.2E-16,0.,-1.));
#2535 = DIRECTION('',(-1.,2.2E-16,-2.2E-16));
#2536 = ORIENTED_EDGE('',*,*,#2537,.F.);
#2537 = EDGE_CURVE('',#2509,#2529,#2538,.T.);
#2538 = CIRCLE('',#2539,4.);
#2539 = AXIS2_PLACEMENT_3D('',#2540,#2541,#2542);
#2540 = CARTESIAN_POINT('',(-1.11E-15,-5.,-0.));
#2541 = DIRECTION('',(2.2E-16,0.,-1.));
#2542 = DIRECTION('',(-1.,2.2E-16,-2.2E-16));
#2543 = FACE_BOUND('',#2544,.T.);
#2544 = EDGE_LOOP('',(#2545));
#2545 = ORIENTED_EDGE('',*,*,#2108,.F.);
#2546 = FACE_BOUND('',#2547,.T.);
#2547 = EDGE_LOOP('',(#2548));
#2548 = ORIENTED_EDGE('',*,*,#2133,.T.);
#2549 = FACE_BOUND('',#2550,.T.);
#2550 = EDGE_LOOP('',(#2551));
#2551 = ORIENTED_EDGE('',*,*,#2158,.T.);
#2552 = FACE_BOUND('',#2553,.T.);
#2553 = EDGE_LOOP('',(#2554));
#2554 = ORIENTED_EDGE('',*,*,#2183,.F.);
#2555 = FACE_BOUND('',#2556,.T.);
#2556 = EDGE_LOOP('',(#2557));
#2557 = ORIENTED_EDGE('',*,*,#2208,.F.);
#2558 = FACE_BOUND('',#2559,.T.);
#2559 = EDGE_LOOP('',(#2560));
#2560 = ORIENTED_EDGE('',*,*,#2233,.T.);
#2561 = FACE_BOUND('',#2562,.T.);
#2562 = EDGE_LOOP('',(#2563));
#2563 = ORIENTED_EDGE('',*,*,#2258,.T.);
#2564 = FACE_BOUND('',#2565,.T.);
#2565 = EDGE_LOOP('',(#2566));
#2566 = ORIENTED_EDGE('',*,*,#2283,.T.);
#2567 = FACE_BOUND('',#2568,.T.);
#2568 = EDGE_LOOP('',(#2569));
#2569 = ORIENTED_EDGE('',*,*,#2308,.T.);
#2570 = FACE_BOUND('',#2571,.T.);
#2571 = EDGE_LOOP('',(#2572));
#2572 = ORIENTED_EDGE('',*,*,#2333,.T.);
#2573 = FACE_BOUND('',#2574,.T.);
#2574 = EDGE_LOOP('',(#2575,#2586,#2595,#2604));
#2575 = ORIENTED_EDGE('',*,*,#2576,.T.);
#2576 = EDGE_CURVE('',#2577,#2579,#2581,.T.);
#2577 = VERTEX_POINT('',#2578);
#2578 = CARTESIAN_POINT('',(0.,0.5,0.));
#2579 = VERTEX_POINT('',#2580);
#2580 = CARTESIAN_POINT('',(1.5,2.,0.));
#2581 = CIRCLE('',#2582,1.5);
#2582 = AXIS2_PLACEMENT_3D('',#2583,#2584,#2585);
#2583 = CARTESIAN_POINT('',(0.,2.,0.));
#2584 = DIRECTION('',(0.,0.,1.));
#2585 = DIRECTION('',(1.,0.,-0.));
#2586 = ORIENTED_EDGE('',*,*,#2587,.T.);
#2587 = EDGE_CURVE('',#2579,#2588,#2590,.T.);
#2588 = VERTEX_POINT('',#2589);
#2589 = CARTESIAN_POINT('',(0.,3.5,0.));
#2590 = CIRCLE('',#2591,1.5);
#2591 = AXIS2_PLACEMENT_3D('',#2592,#2593,#2594);
#2592 = CARTESIAN_POINT('',(0.,2.,0.));
#2593 = DIRECTION('',(0.,0.,1.));
#2594 = DIRECTION('',(1.,0.,-0.));
#2595 = ORIENTED_EDGE('',*,*,#2596,.F.);
#2596 = EDGE_CURVE('',#2597,#2588,#2599,.T.);
#2597 = VERTEX_POINT('',#2598);
#2598 = CARTESIAN_POINT('',(-1.5,2.,0.));
#2599 = CIRCLE('',#2600,1.5);
#2600 = AXIS2_PLACEMENT_3D('',#2601,#2602,#2603);
#2601 = CARTESIAN_POINT('',(4.4E-16,2.,0.));
#2602 = DIRECTION('',(2.2E-16,0.,-1.));
#2603 = DIRECTION('',(-1.,2.2E-16,-2.2E-16));
#2604 = ORIENTED_EDGE('',*,*,#2605,.F.);
#2605 = EDGE_CURVE('',#2577,#2597,#2606,.T.);
#2606 = CIRCLE('',#2607,1.5);
#2607 = AXIS2_PLACEMENT_3D('',#2608,#2609,#2610);
#2608 = CARTESIAN_POINT('',(4.4E-16,2.,0.));
#2609 = DIRECTION('',(2.2E-16,0.,-1.));
#2610 = DIRECTION('',(-1.,2.2E-16,-2.2E-16));
#2611 = FACE_BOUND('',#2612,.T.);
#2612 = EDGE_LOOP('',(#2613,#2624,#2633,#2642));
#2613 = ORIENTED_EDGE('',*,*,#2614,.T.);
#2614 = EDGE_CURVE('',#2615,#2617,#2619,.T.);
#2615 = VERTEX_POINT('',#2616);
#2616 = CARTESIAN_POINT('',(-1.E-15,-13.5,0.));
#2617 = VERTEX_POINT('',#2618);
#2618 = CARTESIAN_POINT('',(1.5,-12.,0.));
#2619 = CIRCLE('',#2620,1.5);
#2620 = AXIS2_PLACEMENT_3D('',#2621,#2622,#2623);
#2621 = CARTESIAN_POINT('',(0.,-12.,0.));
#2622 = DIRECTION('',(0.,0.,1.));
#2623 = DIRECTION('',(1.,0.,-0.));
#2624 = ORIENTED_EDGE('',*,*,#2625,.T.);
#2625 = EDGE_CURVE('',#2617,#2626,#2628,.T.);
#2626 = VERTEX_POINT('',#2627);
#2627 = CARTESIAN_POINT('',(-1.E-15,-10.5,0.));
#2628 = CIRCLE('',#2629,1.5);
#2629 = AXIS2_PLACEMENT_3D('',#2630,#2631,#2632);
#2630 = CARTESIAN_POINT('',(0.,-12.,0.));
#2631 = DIRECTION('',(0.,0.,1.));
#2632 = DIRECTION('',(1.,0.,-0.));
#2633 = ORIENTED_EDGE('',*,*,#2634,.F.);
#2634 = EDGE_CURVE('',#2635,#2626,#2637,.T.);
#2635 = VERTEX_POINT('',#2636);
#2636 = CARTESIAN_POINT('',(-1.5,-12.,-0.));
#2637 = CIRCLE('',#2638,1.5);
#2638 = AXIS2_PLACEMENT_3D('',#2639,#2640,#2641);
#2639 = CARTESIAN_POINT('',(-2.66E-15,-12.,-0.));
#2640 = DIRECTION('',(2.2E-16,0.,-1.));
#2641 = DIRECTION('',(-1.,2.2E-16,-2.2E-16));
#2642 = ORIENTED_EDGE('',*,*,#2643,.F.);
#2643 = EDGE_CURVE('',#2615,#2635,#2644,.T.);
#2644 = CIRCLE('',#2645,1.5);
#2645 = AXIS2_PLACEMENT_3D('',#2646,#2647,#2648);
#2646 = CARTESIAN_POINT('',(-2.66E-15,-12.,-0.));
#2647 = DIRECTION('',(2.2E-16,0.,-1.));
#2648 = DIRECTION('',(-1.,2.2E-16,-2.2E-16));
#2649 = FACE_BOUND('',#2650,.T.);
#2650 = EDGE_LOOP('',(#2651));
#2651 = ORIENTED_EDGE('',*,*,#2383,.F.);
#2652 = FACE_BOUND('',#2653,.T.);
#2653 = EDGE_LOOP('',(#2654));
#2654 = ORIENTED_EDGE('',*,*,#2433,.F.);
#2655 = FACE_BOUND('',#2656,.T.);
#2656 = EDGE_LOOP('',(#2657));
#2657 = ORIENTED_EDGE('',*,*,#2458,.F.);
#2658 = FACE_BOUND('',#2659,.T.);
#2659 = EDGE_LOOP('',(#2660));
#2660 = ORIENTED_EDGE('',*,*,#2408,.F.);
#2661 = FACE_BOUND('',#2662,.T.);
#2662 = EDGE_LOOP('',(#2663));
#2663 = ORIENTED_EDGE('',*,*,#2358,.F.);
#2664 = PLANE('',#2665);
#2665 = AXIS2_PLACEMENT_3D('',#2666,#2667,#2668);
#2666 = CARTESIAN_POINT('',(-1.52E-15,0.386608818593,-1.99E-15));
#2667 = DIRECTION('',(-0.,-0.,-1.));
#2668 = DIRECTION('',(-1.,0.,0.));
#2669 = ADVANCED_FACE('',(#2670),#2676,.T.);
#2670 = FACE_BOUND('',#2671,.T.);
#2671 = EDGE_LOOP('',(#2672,#2673,#2674,#2675));
#2672 = ORIENTED_EDGE('',*,*,#690,.T.);
#2673 = ORIENTED_EDGE('',*,*,#881,.T.);
#2674 = ORIENTED_EDGE('',*,*,#1693,.T.);
#2675 = ORIENTED_EDGE('',*,*,#104,.F.);
#2676 = PLANE('',#2677);
#2677 = AXIS2_PLACEMENT_3D('',#2678,#2679,#2680);
#2678 = CARTESIAN_POINT('',(-5.18E-15,-19.,26.));
#2679 = DIRECTION('',(0.,0.,1.));
#2680 = DIRECTION('',(1.,0.,-0.));
#2681 = ADVANCED_FACE('',(#2682),#2688,.T.);
#2682 = FACE_BOUND('',#2683,.T.);
#2683 = EDGE_LOOP('',(#2684,#2685,#2686,#2687));
#2684 = ORIENTED_EDGE('',*,*,#2490,.F.);
#2685 = ORIENTED_EDGE('',*,*,#980,.T.);
#2686 = ORIENTED_EDGE('',*,*,#1753,.F.);
#2687 = ORIENTED_EDGE('',*,*,#203,.F.);
#2688 = PLANE('',#2689);
#2689 = AXIS2_PLACEMENT_3D('',#2690,#2691,#2692);
#2690 = CARTESIAN_POINT('',(1.78E-15,17.,1.));
#2691 = DIRECTION('',(0.,1.,0.));
#2692 = DIRECTION('',(0.,-0.,1.));
#2693 = ADVANCED_FACE('',(#2694),#2700,.F.);
#2694 = FACE_BOUND('',#2695,.F.);
#2695 = EDGE_LOOP('',(#2696,#2697,#2698,#2699));
#2696 = ORIENTED_EDGE('',*,*,#865,.F.);
#2697 = ORIENTED_EDGE('',*,*,#1768,.F.);
#2698 = ORIENTED_EDGE('',*,*,#80,.T.);
#2699 = ORIENTED_EDGE('',*,*,#665,.T.);
#2700 = CYLINDRICAL_SURFACE('',#2701,1.);
#2701 = AXIS2_PLACEMENT_3D('',#2702,#2703,#2704);
#2702 = CARTESIAN_POINT('',(19.145849,-17.,3.));
#2703 = DIRECTION('',(-1.,-0.,-0.));
#2704 = DIRECTION('',(0.,0.,-1.));
#2705 = ADVANCED_FACE('',(#2706),#2712,.T.);
#2706 = FACE_BOUND('',#2707,.F.);
#2707 = EDGE_LOOP('',(#2708,#2709,#2710,#2711));
#2708 = ORIENTED_EDGE('',*,*,#47,.F.);
#2709 = ORIENTED_EDGE('',*,*,#2475,.F.);
#2710 = ORIENTED_EDGE('',*,*,#832,.T.);
#2711 = ORIENTED_EDGE('',*,*,#1701,.F.);
#2712 = CYLINDRICAL_SURFACE('',#2713,3.);
#2713 = AXIS2_PLACEMENT_3D('',#2714,#2715,#2716);
#2714 = CARTESIAN_POINT('',(0.,-17.,3.));
#2715 = DIRECTION('',(1.,0.,0.));
#2716 = DIRECTION('',(0.,0.,-1.));
#2717 = ADVANCED_FACE('',(#2718),#2734,.F.);
#2718 = FACE_BOUND('',#2719,.F.);
#2719 = EDGE_LOOP('',(#2720,#2721,#2722,#2727,#2728,#2729,#2730,#2731,
    #2732,#2733));
#2720 = ORIENTED_EDGE('',*,*,#1994,.T.);
#2721 = ORIENTED_EDGE('',*,*,#2003,.F.);
#2722 = ORIENTED_EDGE('',*,*,#2723,.F.);
#2723 = EDGE_CURVE('',#2617,#1977,#2724,.T.);
#2724 = B_SPLINE_CURVE_WITH_KNOTS('',1,(#2725,#2726),.UNSPECIFIED.,.F.,
  .F.,(2,2),(-2.,0.),.PIECEWISE_BEZIER_KNOTS.);
#2725 = CARTESIAN_POINT('',(1.5,-12.,0.));
#2726 = CARTESIAN_POINT('',(1.5,-12.,2.));
#2727 = ORIENTED_EDGE('',*,*,#2625,.T.);
#2728 = ORIENTED_EDGE('',*,*,#2634,.F.);
#2729 = ORIENTED_EDGE('',*,*,#2643,.F.);
#2730 = ORIENTED_EDGE('',*,*,#2614,.T.);
#2731 = ORIENTED_EDGE('',*,*,#2723,.T.);
#2732 = ORIENTED_EDGE('',*,*,#1974,.F.);
#2733 = ORIENTED_EDGE('',*,*,#1985,.T.);
#2734 = CYLINDRICAL_SURFACE('',#2735,1.5);
#2735 = AXIS2_PLACEMENT_3D('',#2736,#2737,#2738);
#2736 = CARTESIAN_POINT('',(0.,-12.,2.));
#2737 = DIRECTION('',(0.,0.,1.));
#2738 = DIRECTION('',(1.,0.,-0.));
#2739 = ADVANCED_FACE('',(#2740),#2756,.F.);
#2740 = FACE_BOUND('',#2741,.F.);
#2741 = EDGE_LOOP('',(#2742,#2743,#2744,#2749,#2750,#2751,#2752,#2753,
    #2754,#2755));
#2742 = ORIENTED_EDGE('',*,*,#1808,.T.);
#2743 = ORIENTED_EDGE('',*,*,#1817,.F.);
#2744 = ORIENTED_EDGE('',*,*,#2745,.F.);
#2745 = EDGE_CURVE('',#2511,#1791,#2746,.T.);
#2746 = B_SPLINE_CURVE_WITH_KNOTS('',1,(#2747,#2748),.UNSPECIFIED.,.F.,
  .F.,(2,2),(-2.,0.),.PIECEWISE_BEZIER_KNOTS.);
#2747 = CARTESIAN_POINT('',(4.,-5.,0.));
#2748 = CARTESIAN_POINT('',(4.,-5.,2.));
#2749 = ORIENTED_EDGE('',*,*,#2519,.T.);
#2750 = ORIENTED_EDGE('',*,*,#2528,.F.);
#2751 = ORIENTED_EDGE('',*,*,#2537,.F.);
#2752 = ORIENTED_EDGE('',*,*,#2508,.T.);
#2753 = ORIENTED_EDGE('',*,*,#2745,.T.);
#2754 = ORIENTED_EDGE('',*,*,#1788,.F.);
#2755 = ORIENTED_EDGE('',*,*,#1799,.T.);
#2756 = CYLINDRICAL_SURFACE('',#2757,4.);
#2757 = AXIS2_PLACEMENT_3D('',#2758,#2759,#2760);
#2758 = CARTESIAN_POINT('',(0.,-5.,2.));
#2759 = DIRECTION('',(0.,0.,1.));
#2760 = DIRECTION('',(1.,0.,-0.));
#2761 = ADVANCED_FACE('',(#2762),#2778,.F.);
#2762 = FACE_BOUND('',#2763,.F.);
#2763 = EDGE_LOOP('',(#2764,#2765,#2766,#2771,#2772,#2773,#2774,#2775,
    #2776,#2777));
#2764 = ORIENTED_EDGE('',*,*,#1956,.T.);
#2765 = ORIENTED_EDGE('',*,*,#1965,.F.);
#2766 = ORIENTED_EDGE('',*,*,#2767,.F.);
#2767 = EDGE_CURVE('',#2579,#1939,#2768,.T.);
#2768 = B_SPLINE_CURVE_WITH_KNOTS('',1,(#2769,#2770),.UNSPECIFIED.,.F.,
  .F.,(2,2),(-2.,0.),.PIECEWISE_BEZIER_KNOTS.);
#2769 = CARTESIAN_POINT('',(1.5,2.,0.));
#2770 = CARTESIAN_POINT('',(1.5,2.,2.));
#2771 = ORIENTED_EDGE('',*,*,#2587,.T.);
#2772 = ORIENTED_EDGE('',*,*,#2596,.F.);
#2773 = ORIENTED_EDGE('',*,*,#2605,.F.);
#2774 = ORIENTED_EDGE('',*,*,#2576,.T.);
#2775 = ORIENTED_EDGE('',*,*,#2767,.T.);
#2776 = ORIENTED_EDGE('',*,*,#1936,.F.);
#2777 = ORIENTED_EDGE('',*,*,#1947,.T.);
#2778 = CYLINDRICAL_SURFACE('',#2779,1.5);
#2779 = AXIS2_PLACEMENT_3D('',#2780,#2781,#2782);
#2780 = CARTESIAN_POINT('',(0.,2.,2.));
#2781 = DIRECTION('',(0.,0.,1.));
#2782 = DIRECTION('',(1.,0.,-0.));
#2783 = ( GEOMETRIC_REPRESENTATION_CONTEXT(3) 
GLOBAL_UNCERTAINTY_ASSIGNED_CONTEXT((#2787)) 
GLOBAL_UNIT_ASSIGNED_CONTEXT((#2784,#2785,#2786)) REPRESENTATION_CONTEXT
('Context #1','3D Context with UNIT and UNCERTAINTY') );
#2784 = ( LENGTH_UNIT() NAMED_UNIT(*) SI_UNIT(.MILLI.,.METRE.) );
#2785 = ( NAMED_UNIT(*) PLANE_ANGLE_UNIT() SI_UNIT($,.RADIAN.) );
#2786 = ( NAMED_UNIT(*) SI_UNIT($,.STERADIAN.) SOLID_ANGLE_UNIT() );
#2787 = UNCERTAINTY_MEASURE_WITH_UNIT(LENGTH_MEASURE(5.E-07),#2784,
  'distance_accuracy_value','confusion accuracy');
#2788 = PRODUCT_RELATED_PRODUCT_CATEGORY('part',$,(#7));
#2789 = MECHANICAL_DESIGN_GEOMETRIC_PRESENTATION_REPRESENTATION('',(
    #2790),#2783);
#2790 = STYLED_ITEM('color',(#2791),#15);
#2791 = PRESENTATION_STYLE_ASSIGNMENT((#2792,#2798));
#2792 = SURFACE_STYLE_USAGE(.BOTH.,#2793);
#2793 = SURFACE_SIDE_STYLE('',(#2794));
#2794 = SURFACE_STYLE_FILL_AREA(#2795);
#2795 = FILL_AREA_STYLE('',(#2796));
#2796 = FILL_AREA_STYLE_COLOUR('',#2797);
#2797 = COLOUR_RGB('',0.678431390124,0.709803936702,0.741176476869);
#2798 = CURVE_STYLE('',#2799,POSITIVE_LENGTH_MEASURE(0.1),#2800);
#2799 = DRAUGHTING_PRE_DEFINED_CURVE_FONT('continuous');
#2800 = COLOUR_RGB('',9.803921802644E-02,9.803921802644E-02,
  9.803921802644E-02);
ENDSEC;
END-ISO-10303-21;
