ISO-10303-21;
HEADER;
FILE_DESCRIPTION(('FreeCAD Model'),'2;1');
FILE_NAME('Open CASCADE Shape Model','2025-12-02T22:57:36',('Author'),(
    ''),'Open CASCADE STEP processor 7.8','FreeCAD','Unknown');
FILE_SCHEMA(('AUTOMOTIVE_DESIGN { 1 0 10303 214 1 1 1 1 }'));
ENDSEC;
DATA;
#1 = APPLICATION_PROTOCOL_DEFINITION('international standard',
  'automotive_design',2000,#2);
#2 = APPLICATION_CONTEXT(
  'core data for automotive mechanical design processes');
#3 = SHAPE_DEFINITION_REPRESENTATION(#4,#10);
#4 = PRODUCT_DEFINITION_SHAPE('','',#5);
#5 = PRODUCT_DEFINITION('design','',#6,#9);
#6 = PRODUCT_DEFINITION_FORMATION('','',#7);
#7 = PRODUCT('Body','Body','',(#8));
#8 = PRODUCT_CONTEXT('',#2,'mechanical');
#9 = PRODUCT_DEFINITION_CONTEXT('part definition',#2,'design');
#10 = ADVANCED_BREP_SHAPE_REPRESENTATION('',(#11,#15),#2954);
#11 = AXIS2_PLACEMENT_3D('',#12,#13,#14);
#12 = CARTESIAN_POINT('',(0.,0.,0.));
#13 = DIRECTION('',(0.,0.,1.));
#14 = DIRECTION('',(1.,0.,-0.));
#15 = MANIFOLD_SOLID_BREP('',#16);
#16 = CLOSED_SHELL('',(#17,#556,#598,#623,#648,#688,#728,#752,#776,#801,
    #826,#850,#874,#899,#939,#963,#988,#1013,#1048,#1072,#1097,#1130,
    #1162,#1187,#1212,#1236,#1260,#1285,#1310,#1334,#1358,#1376,#1401,
    #1433,#1458,#1483,#1507,#1531,#1556,#1581,#1605,#1629,#1647,#1679,
    #1704,#1729,#1753,#1777,#1802,#1827,#1851,#1875,#1893,#1925,#1950,
    #1975,#1999,#2023,#2048,#2073,#2097,#2121,#2139,#2172,#2197,#2214,
    #2231,#2271,#2296,#2321,#2346,#2371,#2407,#2442,#2467,#2500,#2517,
    #2542,#2567,#2584,#2609,#2634,#2652,#2672,#2690,#2708,#2726,#2743,
    #2763,#2780,#2797,#2822,#2842,#2859,#2876,#2893,#2918,#2930,#2942));
#17 = ADVANCED_FACE('',(#18,#188,#276,#287,#375,#463),#551,.F.);
#18 = FACE_BOUND('',#19,.F.);
#19 = EDGE_LOOP('',(#20,#30,#39,#47,#55,#64,#72,#80,#89,#97,#106,#114,
    #122,#131,#139,#148,#156,#165,#173,#181));
#20 = ORIENTED_EDGE('',*,*,#21,.T.);
#21 = EDGE_CURVE('',#22,#24,#26,.T.);
#22 = VERTEX_POINT('',#23);
#23 = CARTESIAN_POINT('',(-6.65,-15.,0.));
#24 = VERTEX_POINT('',#25);
#25 = CARTESIAN_POINT('',(6.65,-15.,0.));
#26 = LINE('',#27,#28);
#27 = CARTESIAN_POINT('',(-15.,-15.,0.));
#28 = VECTOR('',#29,1.);
#29 = DIRECTION('',(1.,0.,0.));
#30 = ORIENTED_EDGE('',*,*,#31,.T.);
#31 = EDGE_CURVE('',#24,#32,#34,.T.);
#32 = VERTEX_POINT('',#33);
#33 = CARTESIAN_POINT('',(7.25,-15.6,0.));
#34 = CIRCLE('',#35,0.6);
#35 = AXIS2_PLACEMENT_3D('',#36,#37,#38);
#36 = CARTESIAN_POINT('',(6.65,-15.6,0.));
#37 = DIRECTION('',(-0.,-0.,-1.));
#38 = DIRECTION('',(0.,-1.,0.));
#39 = ORIENTED_EDGE('',*,*,#40,.F.);
#40 = EDGE_CURVE('',#41,#32,#43,.T.);
#41 = VERTEX_POINT('',#42);
#42 = CARTESIAN_POINT('',(7.25,-15.,0.));
#43 = LINE('',#44,#45);
#44 = CARTESIAN_POINT('',(7.25,-8.863602565259,0.));
#45 = VECTOR('',#46,1.);
#46 = DIRECTION('',(0.,-1.,0.));
#47 = ORIENTED_EDGE('',*,*,#48,.T.);
#48 = EDGE_CURVE('',#41,#49,#51,.T.);
#49 = VERTEX_POINT('',#50);
#50 = CARTESIAN_POINT('',(13.5,-15.,0.));
#51 = LINE('',#52,#53);
#52 = CARTESIAN_POINT('',(-15.,-15.,0.));
#53 = VECTOR('',#54,1.);
#54 = DIRECTION('',(1.,0.,0.));
#55 = ORIENTED_EDGE('',*,*,#56,.T.);
#56 = EDGE_CURVE('',#49,#57,#59,.T.);
#57 = VERTEX_POINT('',#58);
#58 = CARTESIAN_POINT('',(15.,-13.5,0.));
#59 = CIRCLE('',#60,1.5);
#60 = AXIS2_PLACEMENT_3D('',#61,#62,#63);
#61 = CARTESIAN_POINT('',(13.5,-13.5,0.));
#62 = DIRECTION('',(-0.,0.,1.));
#63 = DIRECTION('',(0.,-1.,0.));
#64 = ORIENTED_EDGE('',*,*,#65,.T.);
#65 = EDGE_CURVE('',#57,#66,#68,.T.);
#66 = VERTEX_POINT('',#67);
#67 = CARTESIAN_POINT('',(15.,-7.25,0.));
#68 = LINE('',#69,#70);
#69 = CARTESIAN_POINT('',(15.,-15.,0.));
#70 = VECTOR('',#71,1.);
#71 = DIRECTION('',(0.,1.,0.));
#72 = ORIENTED_EDGE('',*,*,#73,.T.);
#73 = EDGE_CURVE('',#66,#74,#76,.T.);
#74 = VERTEX_POINT('',#75);
#75 = CARTESIAN_POINT('',(15.6,-7.25,0.));
#76 = LINE('',#77,#78);
#77 = CARTESIAN_POINT('',(8.863602565259,-7.25,0.));
#78 = VECTOR('',#79,1.);
#79 = DIRECTION('',(1.,0.,0.));
#80 = ORIENTED_EDGE('',*,*,#81,.F.);
#81 = EDGE_CURVE('',#82,#74,#84,.T.);
#82 = VERTEX_POINT('',#83);
#83 = CARTESIAN_POINT('',(15.,-6.65,0.));
#84 = CIRCLE('',#85,0.6);
#85 = AXIS2_PLACEMENT_3D('',#86,#87,#88);
#86 = CARTESIAN_POINT('',(15.6,-6.65,0.));
#87 = DIRECTION('',(-0.,2.22044604925E-16,1.));
#88 = DIRECTION('',(0.,-1.,2.22044604925E-16));
#89 = ORIENTED_EDGE('',*,*,#90,.T.);
#90 = EDGE_CURVE('',#82,#91,#93,.T.);
#91 = VERTEX_POINT('',#92);
#92 = CARTESIAN_POINT('',(15.,6.65,0.));
#93 = LINE('',#94,#95);
#94 = CARTESIAN_POINT('',(15.,-15.,0.));
#95 = VECTOR('',#96,1.);
#96 = DIRECTION('',(0.,1.,0.));
#97 = ORIENTED_EDGE('',*,*,#98,.T.);
#98 = EDGE_CURVE('',#91,#99,#101,.T.);
#99 = VERTEX_POINT('',#100);
#100 = CARTESIAN_POINT('',(15.6,7.25,0.));
#101 = CIRCLE('',#102,0.6);
#102 = AXIS2_PLACEMENT_3D('',#103,#104,#105);
#103 = CARTESIAN_POINT('',(15.6,6.65,0.));
#104 = DIRECTION('',(-0.,-2.22044604925E-16,-1.));
#105 = DIRECTION('',(0.,-1.,2.22044604925E-16));
#106 = ORIENTED_EDGE('',*,*,#107,.F.);
#107 = EDGE_CURVE('',#108,#99,#110,.T.);
#108 = VERTEX_POINT('',#109);
#109 = CARTESIAN_POINT('',(15.,7.25,0.));
#110 = LINE('',#111,#112);
#111 = CARTESIAN_POINT('',(8.863602565259,7.25,0.));
#112 = VECTOR('',#113,1.);
#113 = DIRECTION('',(1.,0.,0.));
#114 = ORIENTED_EDGE('',*,*,#115,.T.);
#115 = EDGE_CURVE('',#108,#116,#118,.T.);
#116 = VERTEX_POINT('',#117);
#117 = CARTESIAN_POINT('',(15.,13.5,0.));
#118 = LINE('',#119,#120);
#119 = CARTESIAN_POINT('',(15.,-15.,0.));
#120 = VECTOR('',#121,1.);
#121 = DIRECTION('',(0.,1.,0.));
#122 = ORIENTED_EDGE('',*,*,#123,.F.);
#123 = EDGE_CURVE('',#124,#116,#126,.T.);
#124 = VERTEX_POINT('',#125);
#125 = CARTESIAN_POINT('',(13.5,15.,0.));
#126 = CIRCLE('',#127,1.5);
#127 = AXIS2_PLACEMENT_3D('',#128,#129,#130);
#128 = CARTESIAN_POINT('',(13.5,13.5,0.));
#129 = DIRECTION('',(-0.,-0.,-1.));
#130 = DIRECTION('',(0.,-1.,0.));
#131 = ORIENTED_EDGE('',*,*,#132,.T.);
#132 = EDGE_CURVE('',#124,#133,#135,.T.);
#133 = VERTEX_POINT('',#134);
#134 = CARTESIAN_POINT('',(-13.5,15.,0.));
#135 = LINE('',#136,#137);
#136 = CARTESIAN_POINT('',(15.,15.,0.));
#137 = VECTOR('',#138,1.);
#138 = DIRECTION('',(-1.,0.,0.));
#139 = ORIENTED_EDGE('',*,*,#140,.F.);
#140 = EDGE_CURVE('',#141,#133,#143,.T.);
#141 = VERTEX_POINT('',#142);
#142 = CARTESIAN_POINT('',(-15.,13.5,0.));
#143 = CIRCLE('',#144,1.5);
#144 = AXIS2_PLACEMENT_3D('',#145,#146,#147);
#145 = CARTESIAN_POINT('',(-13.5,13.5,0.));
#146 = DIRECTION('',(-0.,-0.,-1.));
#147 = DIRECTION('',(0.,-1.,0.));
#148 = ORIENTED_EDGE('',*,*,#149,.T.);
#149 = EDGE_CURVE('',#141,#150,#152,.T.);
#150 = VERTEX_POINT('',#151);
#151 = CARTESIAN_POINT('',(-15.,-13.5,0.));
#152 = LINE('',#153,#154);
#153 = CARTESIAN_POINT('',(-15.,15.,0.));
#154 = VECTOR('',#155,1.);
#155 = DIRECTION('',(0.,-1.,0.));
#156 = ORIENTED_EDGE('',*,*,#157,.T.);
#157 = EDGE_CURVE('',#150,#158,#160,.T.);
#158 = VERTEX_POINT('',#159);
#159 = CARTESIAN_POINT('',(-13.5,-15.,0.));
#160 = CIRCLE('',#161,1.5);
#161 = AXIS2_PLACEMENT_3D('',#162,#163,#164);
#162 = CARTESIAN_POINT('',(-13.5,-13.5,0.));
#163 = DIRECTION('',(-0.,0.,1.));
#164 = DIRECTION('',(0.,-1.,0.));
#165 = ORIENTED_EDGE('',*,*,#166,.T.);
#166 = EDGE_CURVE('',#158,#167,#169,.T.);
#167 = VERTEX_POINT('',#168);
#168 = CARTESIAN_POINT('',(-7.25,-15.,0.));
#169 = LINE('',#170,#171);
#170 = CARTESIAN_POINT('',(-15.,-15.,0.));
#171 = VECTOR('',#172,1.);
#172 = DIRECTION('',(1.,0.,0.));
#173 = ORIENTED_EDGE('',*,*,#174,.T.);
#174 = EDGE_CURVE('',#167,#175,#177,.T.);
#175 = VERTEX_POINT('',#176);
#176 = CARTESIAN_POINT('',(-7.25,-15.6,0.));
#177 = LINE('',#178,#179);
#178 = CARTESIAN_POINT('',(-7.25,-8.863602565259,0.));
#179 = VECTOR('',#180,1.);
#180 = DIRECTION('',(0.,-1.,0.));
#181 = ORIENTED_EDGE('',*,*,#182,.F.);
#182 = EDGE_CURVE('',#22,#175,#183,.T.);
#183 = CIRCLE('',#184,0.6);
#184 = AXIS2_PLACEMENT_3D('',#185,#186,#187);
#185 = CARTESIAN_POINT('',(-6.65,-15.6,0.));
#186 = DIRECTION('',(-0.,0.,1.));
#187 = DIRECTION('',(0.,-1.,0.));
#188 = FACE_BOUND('',#189,.F.);
#189 = EDGE_LOOP('',(#190,#201,#210,#218,#227,#235,#244,#252,#261,#269)
  );
#190 = ORIENTED_EDGE('',*,*,#191,.F.);
#191 = EDGE_CURVE('',#192,#194,#196,.T.);
#192 = VERTEX_POINT('',#193);
#193 = CARTESIAN_POINT('',(-2.571428571429,-5.421047417432,0.));
#194 = VERTEX_POINT('',#195);
#195 = CARTESIAN_POINT('',(-5.421047417432,-2.571428571429,0.));
#196 = CIRCLE('',#197,6.);
#197 = AXIS2_PLACEMENT_3D('',#198,#199,#200);
#198 = CARTESIAN_POINT('',(0.,0.,0.));
#199 = DIRECTION('',(0.,-0.,-1.));
#200 = DIRECTION('',(1.110223024625E-16,-1.,0.));
#201 = ORIENTED_EDGE('',*,*,#202,.T.);
#202 = EDGE_CURVE('',#192,#203,#205,.T.);
#203 = VERTEX_POINT('',#204);
#204 = CARTESIAN_POINT('',(-2.,-6.324555320337,0.));
#205 = CIRCLE('',#206,1.);
#206 = AXIS2_PLACEMENT_3D('',#207,#208,#209);
#207 = CARTESIAN_POINT('',(-3.,-6.324555320337,0.));
#208 = DIRECTION('',(0.,0.,-1.));
#209 = DIRECTION('',(0.,-1.,0.));
#210 = ORIENTED_EDGE('',*,*,#211,.F.);
#211 = EDGE_CURVE('',#212,#203,#214,.T.);
#212 = VERTEX_POINT('',#213);
#213 = CARTESIAN_POINT('',(-2.,-12.,0.));
#214 = LINE('',#215,#216);
#215 = CARTESIAN_POINT('',(-2.,-13.,0.));
#216 = VECTOR('',#217,1.);
#217 = DIRECTION('',(-1.110223024625E-16,1.,0.));
#218 = ORIENTED_EDGE('',*,*,#219,.F.);
#219 = EDGE_CURVE('',#220,#212,#222,.T.);
#220 = VERTEX_POINT('',#221);
#221 = CARTESIAN_POINT('',(-3.,-13.,0.));
#222 = CIRCLE('',#223,1.);
#223 = AXIS2_PLACEMENT_3D('',#224,#225,#226);
#224 = CARTESIAN_POINT('',(-3.,-12.,0.));
#225 = DIRECTION('',(-0.,0.,1.));
#226 = DIRECTION('',(0.,-1.,0.));
#227 = ORIENTED_EDGE('',*,*,#228,.F.);
#228 = EDGE_CURVE('',#229,#220,#231,.T.);
#229 = VERTEX_POINT('',#230);
#230 = CARTESIAN_POINT('',(-12.,-13.,0.));
#231 = LINE('',#232,#233);
#232 = CARTESIAN_POINT('',(-13.,-13.,0.));
#233 = VECTOR('',#234,1.);
#234 = DIRECTION('',(1.,1.110223024625E-16,0.));
#235 = ORIENTED_EDGE('',*,*,#236,.F.);
#236 = EDGE_CURVE('',#237,#229,#239,.T.);
#237 = VERTEX_POINT('',#238);
#238 = CARTESIAN_POINT('',(-13.,-12.,0.));
#239 = CIRCLE('',#240,1.);
#240 = AXIS2_PLACEMENT_3D('',#241,#242,#243);
#241 = CARTESIAN_POINT('',(-12.,-12.,0.));
#242 = DIRECTION('',(-0.,0.,1.));
#243 = DIRECTION('',(0.,-1.,0.));
#244 = ORIENTED_EDGE('',*,*,#245,.F.);
#245 = EDGE_CURVE('',#246,#237,#248,.T.);
#246 = VERTEX_POINT('',#247);
#247 = CARTESIAN_POINT('',(-13.,-3.,0.));
#248 = LINE('',#249,#250);
#249 = CARTESIAN_POINT('',(-13.,-2.,0.));
#250 = VECTOR('',#251,1.);
#251 = DIRECTION('',(1.110223024625E-16,-1.,0.));
#252 = ORIENTED_EDGE('',*,*,#253,.F.);
#253 = EDGE_CURVE('',#254,#246,#256,.T.);
#254 = VERTEX_POINT('',#255);
#255 = CARTESIAN_POINT('',(-12.,-2.,0.));
#256 = CIRCLE('',#257,1.);
#257 = AXIS2_PLACEMENT_3D('',#258,#259,#260);
#258 = CARTESIAN_POINT('',(-12.,-3.,0.));
#259 = DIRECTION('',(-0.,0.,1.));
#260 = DIRECTION('',(0.,-1.,0.));
#261 = ORIENTED_EDGE('',*,*,#262,.T.);
#262 = EDGE_CURVE('',#254,#263,#265,.T.);
#263 = VERTEX_POINT('',#264);
#264 = CARTESIAN_POINT('',(-6.324555320337,-2.,0.));
#265 = LINE('',#266,#267);
#266 = CARTESIAN_POINT('',(-13.,-2.,0.));
#267 = VECTOR('',#268,1.);
#268 = DIRECTION('',(1.,1.110223024625E-16,0.));
#269 = ORIENTED_EDGE('',*,*,#270,.F.);
#270 = EDGE_CURVE('',#194,#263,#271,.T.);
#271 = CIRCLE('',#272,1.);
#272 = AXIS2_PLACEMENT_3D('',#273,#274,#275);
#273 = CARTESIAN_POINT('',(-6.324555320337,-3.,0.));
#274 = DIRECTION('',(-0.,0.,1.));
#275 = DIRECTION('',(0.,-1.,0.));
#276 = FACE_BOUND('',#277,.F.);
#277 = EDGE_LOOP('',(#278));
#278 = ORIENTED_EDGE('',*,*,#279,.F.);
#279 = EDGE_CURVE('',#280,#280,#282,.T.);
#280 = VERTEX_POINT('',#281);
#281 = CARTESIAN_POINT('',(4.,0.,0.));
#282 = CIRCLE('',#283,4.);
#283 = AXIS2_PLACEMENT_3D('',#284,#285,#286);
#284 = CARTESIAN_POINT('',(0.,0.,0.));
#285 = DIRECTION('',(0.,0.,1.));
#286 = DIRECTION('',(1.,0.,0.));
#287 = FACE_BOUND('',#288,.F.);
#288 = EDGE_LOOP('',(#289,#300,#309,#317,#326,#334,#343,#351,#360,#368)
  );
#289 = ORIENTED_EDGE('',*,*,#290,.F.);
#290 = EDGE_CURVE('',#291,#293,#295,.T.);
#291 = VERTEX_POINT('',#292);
#292 = CARTESIAN_POINT('',(5.421047417432,-2.571428571429,0.));
#293 = VERTEX_POINT('',#294);
#294 = CARTESIAN_POINT('',(2.571428571429,-5.421047417432,0.));
#295 = CIRCLE('',#296,6.);
#296 = AXIS2_PLACEMENT_3D('',#297,#298,#299);
#297 = CARTESIAN_POINT('',(0.,0.,0.));
#298 = DIRECTION('',(0.,0.,-1.));
#299 = DIRECTION('',(1.,0.,0.));
#300 = ORIENTED_EDGE('',*,*,#301,.T.);
#301 = EDGE_CURVE('',#291,#302,#304,.T.);
#302 = VERTEX_POINT('',#303);
#303 = CARTESIAN_POINT('',(6.324555320337,-2.,0.));
#304 = CIRCLE('',#305,1.);
#305 = AXIS2_PLACEMENT_3D('',#306,#307,#308);
#306 = CARTESIAN_POINT('',(6.324555320337,-3.,0.));
#307 = DIRECTION('',(0.,0.,-1.));
#308 = DIRECTION('',(0.,-1.,0.));
#309 = ORIENTED_EDGE('',*,*,#310,.F.);
#310 = EDGE_CURVE('',#311,#302,#313,.T.);
#311 = VERTEX_POINT('',#312);
#312 = CARTESIAN_POINT('',(12.,-2.,0.));
#313 = LINE('',#314,#315);
#314 = CARTESIAN_POINT('',(13.,-2.,0.));
#315 = VECTOR('',#316,1.);
#316 = DIRECTION('',(-1.,0.,0.));
#317 = ORIENTED_EDGE('',*,*,#318,.T.);
#318 = EDGE_CURVE('',#311,#319,#321,.T.);
#319 = VERTEX_POINT('',#320);
#320 = CARTESIAN_POINT('',(13.,-3.,0.));
#321 = CIRCLE('',#322,1.);
#322 = AXIS2_PLACEMENT_3D('',#323,#324,#325);
#323 = CARTESIAN_POINT('',(12.,-3.,0.));
#324 = DIRECTION('',(-0.,-0.,-1.));
#325 = DIRECTION('',(0.,-1.,0.));
#326 = ORIENTED_EDGE('',*,*,#327,.F.);
#327 = EDGE_CURVE('',#328,#319,#330,.T.);
#328 = VERTEX_POINT('',#329);
#329 = CARTESIAN_POINT('',(13.,-12.,0.));
#330 = LINE('',#331,#332);
#331 = CARTESIAN_POINT('',(13.,-13.,0.));
#332 = VECTOR('',#333,1.);
#333 = DIRECTION('',(0.,1.,0.));
#334 = ORIENTED_EDGE('',*,*,#335,.T.);
#335 = EDGE_CURVE('',#328,#336,#338,.T.);
#336 = VERTEX_POINT('',#337);
#337 = CARTESIAN_POINT('',(12.,-13.,0.));
#338 = CIRCLE('',#339,1.);
#339 = AXIS2_PLACEMENT_3D('',#340,#341,#342);
#340 = CARTESIAN_POINT('',(12.,-12.,0.));
#341 = DIRECTION('',(-0.,-0.,-1.));
#342 = DIRECTION('',(0.,-1.,0.));
#343 = ORIENTED_EDGE('',*,*,#344,.F.);
#344 = EDGE_CURVE('',#345,#336,#347,.T.);
#345 = VERTEX_POINT('',#346);
#346 = CARTESIAN_POINT('',(3.,-13.,0.));
#347 = LINE('',#348,#349);
#348 = CARTESIAN_POINT('',(2.,-13.,0.));
#349 = VECTOR('',#350,1.);
#350 = DIRECTION('',(1.,0.,0.));
#351 = ORIENTED_EDGE('',*,*,#352,.F.);
#352 = EDGE_CURVE('',#353,#345,#355,.T.);
#353 = VERTEX_POINT('',#354);
#354 = CARTESIAN_POINT('',(2.,-12.,0.));
#355 = CIRCLE('',#356,1.);
#356 = AXIS2_PLACEMENT_3D('',#357,#358,#359);
#357 = CARTESIAN_POINT('',(3.,-12.,0.));
#358 = DIRECTION('',(-0.,0.,1.));
#359 = DIRECTION('',(0.,-1.,0.));
#360 = ORIENTED_EDGE('',*,*,#361,.T.);
#361 = EDGE_CURVE('',#353,#362,#364,.T.);
#362 = VERTEX_POINT('',#363);
#363 = CARTESIAN_POINT('',(2.,-6.324555320337,0.));
#364 = LINE('',#365,#366);
#365 = CARTESIAN_POINT('',(2.,-13.,0.));
#366 = VECTOR('',#367,1.);
#367 = DIRECTION('',(0.,1.,0.));
#368 = ORIENTED_EDGE('',*,*,#369,.F.);
#369 = EDGE_CURVE('',#293,#362,#370,.T.);
#370 = CIRCLE('',#371,1.);
#371 = AXIS2_PLACEMENT_3D('',#372,#373,#374);
#372 = CARTESIAN_POINT('',(3.,-6.324555320337,0.));
#373 = DIRECTION('',(-0.,0.,1.));
#374 = DIRECTION('',(0.,-1.,0.));
#375 = FACE_BOUND('',#376,.F.);
#376 = EDGE_LOOP('',(#377,#388,#397,#405,#414,#422,#431,#439,#448,#456)
  );
#377 = ORIENTED_EDGE('',*,*,#378,.F.);
#378 = EDGE_CURVE('',#379,#381,#383,.T.);
#379 = VERTEX_POINT('',#380);
#380 = CARTESIAN_POINT('',(-5.421047417432,2.571428571429,0.));
#381 = VERTEX_POINT('',#382);
#382 = CARTESIAN_POINT('',(-2.571428571429,5.421047417432,0.));
#383 = CIRCLE('',#384,6.);
#384 = AXIS2_PLACEMENT_3D('',#385,#386,#387);
#385 = CARTESIAN_POINT('',(0.,0.,0.));
#386 = DIRECTION('',(-0.,0.,-1.));
#387 = DIRECTION('',(-1.,-1.224646799147E-16,0.));
#388 = ORIENTED_EDGE('',*,*,#389,.T.);
#389 = EDGE_CURVE('',#379,#390,#392,.T.);
#390 = VERTEX_POINT('',#391);
#391 = CARTESIAN_POINT('',(-6.324555320337,2.,0.));
#392 = CIRCLE('',#393,1.);
#393 = AXIS2_PLACEMENT_3D('',#394,#395,#396);
#394 = CARTESIAN_POINT('',(-6.324555320337,3.,0.));
#395 = DIRECTION('',(-0.,-0.,-1.));
#396 = DIRECTION('',(0.,-1.,0.));
#397 = ORIENTED_EDGE('',*,*,#398,.F.);
#398 = EDGE_CURVE('',#399,#390,#401,.T.);
#399 = VERTEX_POINT('',#400);
#400 = CARTESIAN_POINT('',(-12.,2.,0.));
#401 = LINE('',#402,#403);
#402 = CARTESIAN_POINT('',(-13.,2.,0.));
#403 = VECTOR('',#404,1.);
#404 = DIRECTION('',(1.,1.224646799147E-16,0.));
#405 = ORIENTED_EDGE('',*,*,#406,.F.);
#406 = EDGE_CURVE('',#407,#399,#409,.T.);
#407 = VERTEX_POINT('',#408);
#408 = CARTESIAN_POINT('',(-13.,3.,0.));
#409 = CIRCLE('',#410,1.);
#410 = AXIS2_PLACEMENT_3D('',#411,#412,#413);
#411 = CARTESIAN_POINT('',(-12.,3.,0.));
#412 = DIRECTION('',(-0.,0.,1.));
#413 = DIRECTION('',(0.,-1.,0.));
#414 = ORIENTED_EDGE('',*,*,#415,.F.);
#415 = EDGE_CURVE('',#416,#407,#418,.T.);
#416 = VERTEX_POINT('',#417);
#417 = CARTESIAN_POINT('',(-13.,12.,0.));
#418 = LINE('',#419,#420);
#419 = CARTESIAN_POINT('',(-13.,13.,0.));
#420 = VECTOR('',#421,1.);
#421 = DIRECTION('',(1.224646799147E-16,-1.,0.));
#422 = ORIENTED_EDGE('',*,*,#423,.F.);
#423 = EDGE_CURVE('',#424,#416,#426,.T.);
#424 = VERTEX_POINT('',#425);
#425 = CARTESIAN_POINT('',(-12.,13.,0.));
#426 = CIRCLE('',#427,1.);
#427 = AXIS2_PLACEMENT_3D('',#428,#429,#430);
#428 = CARTESIAN_POINT('',(-12.,12.,0.));
#429 = DIRECTION('',(-0.,0.,1.));
#430 = DIRECTION('',(0.,-1.,0.));
#431 = ORIENTED_EDGE('',*,*,#432,.F.);
#432 = EDGE_CURVE('',#433,#424,#435,.T.);
#433 = VERTEX_POINT('',#434);
#434 = CARTESIAN_POINT('',(-3.,13.,0.));
#435 = LINE('',#436,#437);
#436 = CARTESIAN_POINT('',(-2.,13.,0.));
#437 = VECTOR('',#438,1.);
#438 = DIRECTION('',(-1.,-1.224646799147E-16,0.));
#439 = ORIENTED_EDGE('',*,*,#440,.F.);
#440 = EDGE_CURVE('',#441,#433,#443,.T.);
#441 = VERTEX_POINT('',#442);
#442 = CARTESIAN_POINT('',(-2.,12.,0.));
#443 = CIRCLE('',#444,1.);
#444 = AXIS2_PLACEMENT_3D('',#445,#446,#447);
#445 = CARTESIAN_POINT('',(-3.,12.,0.));
#446 = DIRECTION('',(-0.,0.,1.));
#447 = DIRECTION('',(0.,-1.,0.));
#448 = ORIENTED_EDGE('',*,*,#449,.T.);
#449 = EDGE_CURVE('',#441,#450,#452,.T.);
#450 = VERTEX_POINT('',#451);
#451 = CARTESIAN_POINT('',(-2.,6.324555320337,0.));
#452 = LINE('',#453,#454);
#453 = CARTESIAN_POINT('',(-2.,13.,0.));
#454 = VECTOR('',#455,1.);
#455 = DIRECTION('',(1.224646799147E-16,-1.,0.));
#456 = ORIENTED_EDGE('',*,*,#457,.F.);
#457 = EDGE_CURVE('',#381,#450,#458,.T.);
#458 = CIRCLE('',#459,1.);
#459 = AXIS2_PLACEMENT_3D('',#460,#461,#462);
#460 = CARTESIAN_POINT('',(-3.,6.324555320337,0.));
#461 = DIRECTION('',(-0.,0.,1.));
#462 = DIRECTION('',(0.,-1.,0.));
#463 = FACE_BOUND('',#464,.F.);
#464 = EDGE_LOOP('',(#465,#476,#485,#493,#502,#510,#519,#527,#536,#544)
  );
#465 = ORIENTED_EDGE('',*,*,#466,.F.);
#466 = EDGE_CURVE('',#467,#469,#471,.T.);
#467 = VERTEX_POINT('',#468);
#468 = CARTESIAN_POINT('',(2.571428571429,5.421047417432,0.));
#469 = VERTEX_POINT('',#470);
#470 = CARTESIAN_POINT('',(5.421047417432,2.571428571429,0.));
#471 = CIRCLE('',#472,6.);
#472 = AXIS2_PLACEMENT_3D('',#473,#474,#475);
#473 = CARTESIAN_POINT('',(0.,0.,0.));
#474 = DIRECTION('',(0.,0.,-1.));
#475 = DIRECTION('',(-2.22044604925E-16,1.,0.));
#476 = ORIENTED_EDGE('',*,*,#477,.T.);
#477 = EDGE_CURVE('',#467,#478,#480,.T.);
#478 = VERTEX_POINT('',#479);
#479 = CARTESIAN_POINT('',(2.,6.324555320337,0.));
#480 = CIRCLE('',#481,1.);
#481 = AXIS2_PLACEMENT_3D('',#482,#483,#484);
#482 = CARTESIAN_POINT('',(3.,6.324555320337,0.));
#483 = DIRECTION('',(-0.,-0.,-1.));
#484 = DIRECTION('',(0.,-1.,0.));
#485 = ORIENTED_EDGE('',*,*,#486,.F.);
#486 = EDGE_CURVE('',#487,#478,#489,.T.);
#487 = VERTEX_POINT('',#488);
#488 = CARTESIAN_POINT('',(2.,12.,0.));
#489 = LINE('',#490,#491);
#490 = CARTESIAN_POINT('',(2.,13.,0.));
#491 = VECTOR('',#492,1.);
#492 = DIRECTION('',(2.22044604925E-16,-1.,0.));
#493 = ORIENTED_EDGE('',*,*,#494,.F.);
#494 = EDGE_CURVE('',#495,#487,#497,.T.);
#495 = VERTEX_POINT('',#496);
#496 = CARTESIAN_POINT('',(3.,13.,0.));
#497 = CIRCLE('',#498,1.);
#498 = AXIS2_PLACEMENT_3D('',#499,#500,#501);
#499 = CARTESIAN_POINT('',(3.,12.,0.));
#500 = DIRECTION('',(-0.,0.,1.));
#501 = DIRECTION('',(0.,-1.,0.));
#502 = ORIENTED_EDGE('',*,*,#503,.F.);
#503 = EDGE_CURVE('',#504,#495,#506,.T.);
#504 = VERTEX_POINT('',#505);
#505 = CARTESIAN_POINT('',(12.,13.,0.));
#506 = LINE('',#507,#508);
#507 = CARTESIAN_POINT('',(13.,13.,0.));
#508 = VECTOR('',#509,1.);
#509 = DIRECTION('',(-1.,-2.22044604925E-16,0.));
#510 = ORIENTED_EDGE('',*,*,#511,.F.);
#511 = EDGE_CURVE('',#512,#504,#514,.T.);
#512 = VERTEX_POINT('',#513);
#513 = CARTESIAN_POINT('',(13.,12.,0.));
#514 = CIRCLE('',#515,1.);
#515 = AXIS2_PLACEMENT_3D('',#516,#517,#518);
#516 = CARTESIAN_POINT('',(12.,12.,0.));
#517 = DIRECTION('',(-0.,0.,1.));
#518 = DIRECTION('',(0.,-1.,0.));
#519 = ORIENTED_EDGE('',*,*,#520,.F.);
#520 = EDGE_CURVE('',#521,#512,#523,.T.);
#521 = VERTEX_POINT('',#522);
#522 = CARTESIAN_POINT('',(13.,3.,0.));
#523 = LINE('',#524,#525);
#524 = CARTESIAN_POINT('',(13.,2.,0.));
#525 = VECTOR('',#526,1.);
#526 = DIRECTION('',(-2.22044604925E-16,1.,0.));
#527 = ORIENTED_EDGE('',*,*,#528,.F.);
#528 = EDGE_CURVE('',#529,#521,#531,.T.);
#529 = VERTEX_POINT('',#530);
#530 = CARTESIAN_POINT('',(12.,2.,0.));
#531 = CIRCLE('',#532,1.);
#532 = AXIS2_PLACEMENT_3D('',#533,#534,#535);
#533 = CARTESIAN_POINT('',(12.,3.,0.));
#534 = DIRECTION('',(-0.,0.,1.));
#535 = DIRECTION('',(0.,-1.,0.));
#536 = ORIENTED_EDGE('',*,*,#537,.T.);
#537 = EDGE_CURVE('',#529,#538,#540,.T.);
#538 = VERTEX_POINT('',#539);
#539 = CARTESIAN_POINT('',(6.324555320337,2.,0.));
#540 = LINE('',#541,#542);
#541 = CARTESIAN_POINT('',(13.,2.,0.));
#542 = VECTOR('',#543,1.);
#543 = DIRECTION('',(-1.,-2.22044604925E-16,0.));
#544 = ORIENTED_EDGE('',*,*,#545,.F.);
#545 = EDGE_CURVE('',#469,#538,#546,.T.);
#546 = CIRCLE('',#547,1.);
#547 = AXIS2_PLACEMENT_3D('',#548,#549,#550);
#548 = CARTESIAN_POINT('',(6.324555320337,3.,0.));
#549 = DIRECTION('',(-0.,0.,1.));
#550 = DIRECTION('',(0.,-1.,0.));
#551 = PLANE('',#552);
#552 = AXIS2_PLACEMENT_3D('',#553,#554,#555);
#553 = CARTESIAN_POINT('',(-1.894780628694E-15,4.736951571734E-16,0.));
#554 = DIRECTION('',(0.,0.,1.));
#555 = DIRECTION('',(1.,0.,0.));
#556 = ADVANCED_FACE('',(#557,#582),#593,.F.);
#557 = FACE_BOUND('',#558,.F.);
#558 = EDGE_LOOP('',(#559,#560,#568,#576));
#559 = ORIENTED_EDGE('',*,*,#21,.F.);
#560 = ORIENTED_EDGE('',*,*,#561,.F.);
#561 = EDGE_CURVE('',#562,#22,#564,.T.);
#562 = VERTEX_POINT('',#563);
#563 = CARTESIAN_POINT('',(-6.65,-15.,-15.4));
#564 = LINE('',#565,#566);
#565 = CARTESIAN_POINT('',(-6.65,-15.,-16.));
#566 = VECTOR('',#567,1.);
#567 = DIRECTION('',(0.,0.,1.));
#568 = ORIENTED_EDGE('',*,*,#569,.T.);
#569 = EDGE_CURVE('',#562,#570,#572,.T.);
#570 = VERTEX_POINT('',#571);
#571 = CARTESIAN_POINT('',(6.65,-15.,-15.4));
#572 = LINE('',#573,#574);
#573 = CARTESIAN_POINT('',(-7.25,-15.,-15.4));
#574 = VECTOR('',#575,1.);
#575 = DIRECTION('',(1.,0.,0.));
#576 = ORIENTED_EDGE('',*,*,#577,.T.);
#577 = EDGE_CURVE('',#570,#24,#578,.T.);
#578 = LINE('',#579,#580);
#579 = CARTESIAN_POINT('',(6.65,-15.,-16.));
#580 = VECTOR('',#581,1.);
#581 = DIRECTION('',(0.,0.,1.));
#582 = FACE_BOUND('',#583,.F.);
#583 = EDGE_LOOP('',(#584));
#584 = ORIENTED_EDGE('',*,*,#585,.F.);
#585 = EDGE_CURVE('',#586,#586,#588,.T.);
#586 = VERTEX_POINT('',#587);
#587 = CARTESIAN_POINT('',(3.1,-15.,-9.));
#588 = CIRCLE('',#589,3.1);
#589 = AXIS2_PLACEMENT_3D('',#590,#591,#592);
#590 = CARTESIAN_POINT('',(0.,-15.,-9.));
#591 = DIRECTION('',(0.,-1.,2.22044604925E-16));
#592 = DIRECTION('',(1.,0.,0.));
#593 = PLANE('',#594);
#594 = AXIS2_PLACEMENT_3D('',#595,#596,#597);
#595 = CARTESIAN_POINT('',(-7.25,-15.,-16.));
#596 = DIRECTION('',(0.,-1.,0.));
#597 = DIRECTION('',(0.,0.,1.));
#598 = ADVANCED_FACE('',(#599),#618,.T.);
#599 = FACE_BOUND('',#600,.T.);
#600 = EDGE_LOOP('',(#601,#610,#616,#617));
#601 = ORIENTED_EDGE('',*,*,#602,.T.);
#602 = EDGE_CURVE('',#562,#603,#605,.T.);
#603 = VERTEX_POINT('',#604);
#604 = CARTESIAN_POINT('',(-7.25,-15.6,-15.4));
#605 = CIRCLE('',#606,0.6);
#606 = AXIS2_PLACEMENT_3D('',#607,#608,#609);
#607 = CARTESIAN_POINT('',(-6.65,-15.6,-15.4));
#608 = DIRECTION('',(-6.123233995737E-17,0.,1.));
#609 = DIRECTION('',(-1.,0.,-6.123233995737E-17));
#610 = ORIENTED_EDGE('',*,*,#611,.T.);
#611 = EDGE_CURVE('',#603,#175,#612,.T.);
#612 = LINE('',#613,#614);
#613 = CARTESIAN_POINT('',(-7.25,-15.6,-16.));
#614 = VECTOR('',#615,1.);
#615 = DIRECTION('',(0.,0.,1.));
#616 = ORIENTED_EDGE('',*,*,#182,.F.);
#617 = ORIENTED_EDGE('',*,*,#561,.F.);
#618 = CYLINDRICAL_SURFACE('',#619,0.6);
#619 = AXIS2_PLACEMENT_3D('',#620,#621,#622);
#620 = CARTESIAN_POINT('',(-6.65,-15.6,-16.));
#621 = DIRECTION('',(0.,0.,1.));
#622 = DIRECTION('',(0.,1.,0.));
#623 = ADVANCED_FACE('',(#624),#643,.T.);
#624 = FACE_BOUND('',#625,.F.);
#625 = EDGE_LOOP('',(#626,#635,#641,#642));
#626 = ORIENTED_EDGE('',*,*,#627,.T.);
#627 = EDGE_CURVE('',#570,#628,#630,.T.);
#628 = VERTEX_POINT('',#629);
#629 = CARTESIAN_POINT('',(7.25,-15.6,-15.4));
#630 = CIRCLE('',#631,0.6);
#631 = AXIS2_PLACEMENT_3D('',#632,#633,#634);
#632 = CARTESIAN_POINT('',(6.65,-15.6,-15.4));
#633 = DIRECTION('',(-6.123233995737E-17,-0.,-1.));
#634 = DIRECTION('',(1.,0.,-6.123233995737E-17));
#635 = ORIENTED_EDGE('',*,*,#636,.T.);
#636 = EDGE_CURVE('',#628,#32,#637,.T.);
#637 = LINE('',#638,#639);
#638 = CARTESIAN_POINT('',(7.25,-15.6,-16.));
#639 = VECTOR('',#640,1.);
#640 = DIRECTION('',(0.,0.,1.));
#641 = ORIENTED_EDGE('',*,*,#31,.F.);
#642 = ORIENTED_EDGE('',*,*,#577,.F.);
#643 = CYLINDRICAL_SURFACE('',#644,0.6);
#644 = AXIS2_PLACEMENT_3D('',#645,#646,#647);
#645 = CARTESIAN_POINT('',(6.65,-15.6,-16.));
#646 = DIRECTION('',(0.,0.,1.));
#647 = DIRECTION('',(0.,1.,0.));
#648 = ADVANCED_FACE('',(#649),#683,.F.);
#649 = FACE_BOUND('',#650,.F.);
#650 = EDGE_LOOP('',(#651,#661,#669,#675,#676,#677));
#651 = ORIENTED_EDGE('',*,*,#652,.T.);
#652 = EDGE_CURVE('',#653,#655,#657,.T.);
#653 = VERTEX_POINT('',#654);
#654 = CARTESIAN_POINT('',(-7.25,-15.,16.));
#655 = VERTEX_POINT('',#656);
#656 = CARTESIAN_POINT('',(-7.25,-21.4,1.371428571429));
#657 = LINE('',#658,#659);
#658 = CARTESIAN_POINT('',(-7.25,-15.,16.));
#659 = VECTOR('',#660,1.);
#660 = DIRECTION('',(0.,-0.40081883402,-0.916157334902));
#661 = ORIENTED_EDGE('',*,*,#662,.T.);
#662 = EDGE_CURVE('',#655,#663,#665,.T.);
#663 = VERTEX_POINT('',#664);
#664 = CARTESIAN_POINT('',(-7.25,-21.4,-15.4));
#665 = LINE('',#666,#667);
#666 = CARTESIAN_POINT('',(-7.25,-21.4,0.));
#667 = VECTOR('',#668,1.);
#668 = DIRECTION('',(0.,0.,-1.));
#669 = ORIENTED_EDGE('',*,*,#670,.T.);
#670 = EDGE_CURVE('',#663,#603,#671,.T.);
#671 = LINE('',#672,#673);
#672 = CARTESIAN_POINT('',(-7.25,-22.,-15.4));
#673 = VECTOR('',#674,1.);
#674 = DIRECTION('',(0.,1.,0.));
#675 = ORIENTED_EDGE('',*,*,#611,.T.);
#676 = ORIENTED_EDGE('',*,*,#174,.F.);
#677 = ORIENTED_EDGE('',*,*,#678,.T.);
#678 = EDGE_CURVE('',#167,#653,#679,.T.);
#679 = LINE('',#680,#681);
#680 = CARTESIAN_POINT('',(-7.25,-15.,-16.));
#681 = VECTOR('',#682,1.);
#682 = DIRECTION('',(0.,0.,1.));
#683 = PLANE('',#684);
#684 = AXIS2_PLACEMENT_3D('',#685,#686,#687);
#685 = CARTESIAN_POINT('',(-7.25,-17.72720513051,-1.383937700857));
#686 = DIRECTION('',(1.,0.,0.));
#687 = DIRECTION('',(0.,0.,1.));
#688 = ADVANCED_FACE('',(#689),#723,.T.);
#689 = FACE_BOUND('',#690,.T.);
#690 = EDGE_LOOP('',(#691,#701,#709,#715,#716,#717));
#691 = ORIENTED_EDGE('',*,*,#692,.T.);
#692 = EDGE_CURVE('',#693,#695,#697,.T.);
#693 = VERTEX_POINT('',#694);
#694 = CARTESIAN_POINT('',(7.25,-15.,16.));
#695 = VERTEX_POINT('',#696);
#696 = CARTESIAN_POINT('',(7.25,-21.4,1.371428571429));
#697 = LINE('',#698,#699);
#698 = CARTESIAN_POINT('',(7.25,-15.,16.));
#699 = VECTOR('',#700,1.);
#700 = DIRECTION('',(0.,-0.40081883402,-0.916157334902));
#701 = ORIENTED_EDGE('',*,*,#702,.T.);
#702 = EDGE_CURVE('',#695,#703,#705,.T.);
#703 = VERTEX_POINT('',#704);
#704 = CARTESIAN_POINT('',(7.25,-21.4,-15.4));
#705 = LINE('',#706,#707);
#706 = CARTESIAN_POINT('',(7.25,-21.4,0.));
#707 = VECTOR('',#708,1.);
#708 = DIRECTION('',(0.,0.,-1.));
#709 = ORIENTED_EDGE('',*,*,#710,.T.);
#710 = EDGE_CURVE('',#703,#628,#711,.T.);
#711 = LINE('',#712,#713);
#712 = CARTESIAN_POINT('',(7.25,-22.,-15.4));
#713 = VECTOR('',#714,1.);
#714 = DIRECTION('',(0.,1.,0.));
#715 = ORIENTED_EDGE('',*,*,#636,.T.);
#716 = ORIENTED_EDGE('',*,*,#40,.F.);
#717 = ORIENTED_EDGE('',*,*,#718,.T.);
#718 = EDGE_CURVE('',#41,#693,#719,.T.);
#719 = LINE('',#720,#721);
#720 = CARTESIAN_POINT('',(7.25,-15.,-16.));
#721 = VECTOR('',#722,1.);
#722 = DIRECTION('',(0.,0.,1.));
#723 = PLANE('',#724);
#724 = AXIS2_PLACEMENT_3D('',#725,#726,#727);
#725 = CARTESIAN_POINT('',(7.25,-17.72720513051,-1.383937700857));
#726 = DIRECTION('',(1.,0.,0.));
#727 = DIRECTION('',(0.,0.,1.));
#728 = ADVANCED_FACE('',(#729),#747,.F.);
#729 = FACE_BOUND('',#730,.F.);
#730 = EDGE_LOOP('',(#731,#732,#740,#746));
#731 = ORIENTED_EDGE('',*,*,#166,.F.);
#732 = ORIENTED_EDGE('',*,*,#733,.T.);
#733 = EDGE_CURVE('',#158,#734,#736,.T.);
#734 = VERTEX_POINT('',#735);
#735 = CARTESIAN_POINT('',(-13.5,-15.,16.));
#736 = LINE('',#737,#738);
#737 = CARTESIAN_POINT('',(-13.5,-15.,0.));
#738 = VECTOR('',#739,1.);
#739 = DIRECTION('',(0.,0.,1.));
#740 = ORIENTED_EDGE('',*,*,#741,.T.);
#741 = EDGE_CURVE('',#734,#653,#742,.T.);
#742 = LINE('',#743,#744);
#743 = CARTESIAN_POINT('',(-15.,-15.,16.));
#744 = VECTOR('',#745,1.);
#745 = DIRECTION('',(1.,0.,0.));
#746 = ORIENTED_EDGE('',*,*,#678,.F.);
#747 = PLANE('',#748);
#748 = AXIS2_PLACEMENT_3D('',#749,#750,#751);
#749 = CARTESIAN_POINT('',(-15.,-15.,0.));
#750 = DIRECTION('',(0.,1.,0.));
#751 = DIRECTION('',(1.,0.,0.));
#752 = ADVANCED_FACE('',(#753),#771,.F.);
#753 = FACE_BOUND('',#754,.F.);
#754 = EDGE_LOOP('',(#755,#756,#757,#765));
#755 = ORIENTED_EDGE('',*,*,#48,.F.);
#756 = ORIENTED_EDGE('',*,*,#718,.T.);
#757 = ORIENTED_EDGE('',*,*,#758,.T.);
#758 = EDGE_CURVE('',#693,#759,#761,.T.);
#759 = VERTEX_POINT('',#760);
#760 = CARTESIAN_POINT('',(13.5,-15.,16.));
#761 = LINE('',#762,#763);
#762 = CARTESIAN_POINT('',(-15.,-15.,16.));
#763 = VECTOR('',#764,1.);
#764 = DIRECTION('',(1.,0.,0.));
#765 = ORIENTED_EDGE('',*,*,#766,.F.);
#766 = EDGE_CURVE('',#49,#759,#767,.T.);
#767 = LINE('',#768,#769);
#768 = CARTESIAN_POINT('',(13.5,-15.,0.));
#769 = VECTOR('',#770,1.);
#770 = DIRECTION('',(0.,0.,1.));
#771 = PLANE('',#772);
#772 = AXIS2_PLACEMENT_3D('',#773,#774,#775);
#773 = CARTESIAN_POINT('',(-15.,-15.,0.));
#774 = DIRECTION('',(0.,1.,0.));
#775 = DIRECTION('',(1.,0.,0.));
#776 = ADVANCED_FACE('',(#777),#796,.T.);
#777 = FACE_BOUND('',#778,.T.);
#778 = EDGE_LOOP('',(#779,#780,#781,#790));
#779 = ORIENTED_EDGE('',*,*,#157,.T.);
#780 = ORIENTED_EDGE('',*,*,#733,.T.);
#781 = ORIENTED_EDGE('',*,*,#782,.F.);
#782 = EDGE_CURVE('',#783,#734,#785,.T.);
#783 = VERTEX_POINT('',#784);
#784 = CARTESIAN_POINT('',(-15.,-13.5,16.));
#785 = CIRCLE('',#786,1.5);
#786 = AXIS2_PLACEMENT_3D('',#787,#788,#789);
#787 = CARTESIAN_POINT('',(-13.5,-13.5,16.));
#788 = DIRECTION('',(-0.,0.,1.));
#789 = DIRECTION('',(0.,-1.,0.));
#790 = ORIENTED_EDGE('',*,*,#791,.F.);
#791 = EDGE_CURVE('',#150,#783,#792,.T.);
#792 = LINE('',#793,#794);
#793 = CARTESIAN_POINT('',(-15.,-13.5,0.));
#794 = VECTOR('',#795,1.);
#795 = DIRECTION('',(0.,0.,1.));
#796 = CYLINDRICAL_SURFACE('',#797,1.5);
#797 = AXIS2_PLACEMENT_3D('',#798,#799,#800);
#798 = CARTESIAN_POINT('',(-13.5,-13.5,0.));
#799 = DIRECTION('',(0.,0.,1.));
#800 = DIRECTION('',(-1.,0.,0.));
#801 = ADVANCED_FACE('',(#802),#821,.T.);
#802 = FACE_BOUND('',#803,.T.);
#803 = EDGE_LOOP('',(#804,#805,#813,#820));
#804 = ORIENTED_EDGE('',*,*,#56,.T.);
#805 = ORIENTED_EDGE('',*,*,#806,.T.);
#806 = EDGE_CURVE('',#57,#807,#809,.T.);
#807 = VERTEX_POINT('',#808);
#808 = CARTESIAN_POINT('',(15.,-13.5,16.));
#809 = LINE('',#810,#811);
#810 = CARTESIAN_POINT('',(15.,-13.5,0.));
#811 = VECTOR('',#812,1.);
#812 = DIRECTION('',(0.,0.,1.));
#813 = ORIENTED_EDGE('',*,*,#814,.F.);
#814 = EDGE_CURVE('',#759,#807,#815,.T.);
#815 = CIRCLE('',#816,1.5);
#816 = AXIS2_PLACEMENT_3D('',#817,#818,#819);
#817 = CARTESIAN_POINT('',(13.5,-13.5,16.));
#818 = DIRECTION('',(-0.,0.,1.));
#819 = DIRECTION('',(0.,-1.,0.));
#820 = ORIENTED_EDGE('',*,*,#766,.F.);
#821 = CYLINDRICAL_SURFACE('',#822,1.5);
#822 = AXIS2_PLACEMENT_3D('',#823,#824,#825);
#823 = CARTESIAN_POINT('',(13.5,-13.5,0.));
#824 = DIRECTION('',(0.,0.,1.));
#825 = DIRECTION('',(0.,-1.,0.));
#826 = ADVANCED_FACE('',(#827),#845,.F.);
#827 = FACE_BOUND('',#828,.F.);
#828 = EDGE_LOOP('',(#829,#830,#838,#844));
#829 = ORIENTED_EDGE('',*,*,#149,.F.);
#830 = ORIENTED_EDGE('',*,*,#831,.T.);
#831 = EDGE_CURVE('',#141,#832,#834,.T.);
#832 = VERTEX_POINT('',#833);
#833 = CARTESIAN_POINT('',(-15.,13.5,16.));
#834 = LINE('',#835,#836);
#835 = CARTESIAN_POINT('',(-15.,13.5,0.));
#836 = VECTOR('',#837,1.);
#837 = DIRECTION('',(0.,0.,1.));
#838 = ORIENTED_EDGE('',*,*,#839,.T.);
#839 = EDGE_CURVE('',#832,#783,#840,.T.);
#840 = LINE('',#841,#842);
#841 = CARTESIAN_POINT('',(-15.,15.,16.));
#842 = VECTOR('',#843,1.);
#843 = DIRECTION('',(0.,-1.,0.));
#844 = ORIENTED_EDGE('',*,*,#791,.F.);
#845 = PLANE('',#846);
#846 = AXIS2_PLACEMENT_3D('',#847,#848,#849);
#847 = CARTESIAN_POINT('',(-15.,15.,0.));
#848 = DIRECTION('',(1.,0.,0.));
#849 = DIRECTION('',(0.,-1.,0.));
#850 = ADVANCED_FACE('',(#851),#869,.F.);
#851 = FACE_BOUND('',#852,.F.);
#852 = EDGE_LOOP('',(#853,#854,#855,#863));
#853 = ORIENTED_EDGE('',*,*,#65,.F.);
#854 = ORIENTED_EDGE('',*,*,#806,.T.);
#855 = ORIENTED_EDGE('',*,*,#856,.T.);
#856 = EDGE_CURVE('',#807,#857,#859,.T.);
#857 = VERTEX_POINT('',#858);
#858 = CARTESIAN_POINT('',(15.,-7.25,16.));
#859 = LINE('',#860,#861);
#860 = CARTESIAN_POINT('',(15.,-15.,16.));
#861 = VECTOR('',#862,1.);
#862 = DIRECTION('',(0.,1.,0.));
#863 = ORIENTED_EDGE('',*,*,#864,.F.);
#864 = EDGE_CURVE('',#66,#857,#865,.T.);
#865 = LINE('',#866,#867);
#866 = CARTESIAN_POINT('',(15.,-7.25,-16.));
#867 = VECTOR('',#868,1.);
#868 = DIRECTION('',(0.,2.22044604925E-16,1.));
#869 = PLANE('',#870);
#870 = AXIS2_PLACEMENT_3D('',#871,#872,#873);
#871 = CARTESIAN_POINT('',(15.,-15.,0.));
#872 = DIRECTION('',(-1.,0.,0.));
#873 = DIRECTION('',(0.,1.,0.));
#874 = ADVANCED_FACE('',(#875),#894,.T.);
#875 = FACE_BOUND('',#876,.F.);
#876 = EDGE_LOOP('',(#877,#878,#886,#893));
#877 = ORIENTED_EDGE('',*,*,#140,.T.);
#878 = ORIENTED_EDGE('',*,*,#879,.T.);
#879 = EDGE_CURVE('',#133,#880,#882,.T.);
#880 = VERTEX_POINT('',#881);
#881 = CARTESIAN_POINT('',(-13.5,15.,16.));
#882 = LINE('',#883,#884);
#883 = CARTESIAN_POINT('',(-13.5,15.,0.));
#884 = VECTOR('',#885,1.);
#885 = DIRECTION('',(0.,0.,1.));
#886 = ORIENTED_EDGE('',*,*,#887,.F.);
#887 = EDGE_CURVE('',#832,#880,#888,.T.);
#888 = CIRCLE('',#889,1.5);
#889 = AXIS2_PLACEMENT_3D('',#890,#891,#892);
#890 = CARTESIAN_POINT('',(-13.5,13.5,16.));
#891 = DIRECTION('',(-0.,-0.,-1.));
#892 = DIRECTION('',(0.,-1.,0.));
#893 = ORIENTED_EDGE('',*,*,#831,.F.);
#894 = CYLINDRICAL_SURFACE('',#895,1.5);
#895 = AXIS2_PLACEMENT_3D('',#896,#897,#898);
#896 = CARTESIAN_POINT('',(-13.5,13.5,0.));
#897 = DIRECTION('',(0.,0.,1.));
#898 = DIRECTION('',(-1.,0.,0.));
#899 = ADVANCED_FACE('',(#900),#934,.F.);
#900 = FACE_BOUND('',#901,.F.);
#901 = EDGE_LOOP('',(#902,#910,#918,#926,#932,#933));
#902 = ORIENTED_EDGE('',*,*,#903,.T.);
#903 = EDGE_CURVE('',#857,#904,#906,.T.);
#904 = VERTEX_POINT('',#905);
#905 = CARTESIAN_POINT('',(21.4,-7.25,1.371428571429));
#906 = LINE('',#907,#908);
#907 = CARTESIAN_POINT('',(15.,-7.25,16.));
#908 = VECTOR('',#909,1.);
#909 = DIRECTION('',(0.40081883402,-2.034277934775E-16,-0.916157334902)
  );
#910 = ORIENTED_EDGE('',*,*,#911,.T.);
#911 = EDGE_CURVE('',#904,#912,#914,.T.);
#912 = VERTEX_POINT('',#913);
#913 = CARTESIAN_POINT('',(21.4,-7.25,-15.4));
#914 = LINE('',#915,#916);
#915 = CARTESIAN_POINT('',(21.4,-7.25,0.));
#916 = VECTOR('',#917,1.);
#917 = DIRECTION('',(0.,-2.22044604925E-16,-1.));
#918 = ORIENTED_EDGE('',*,*,#919,.T.);
#919 = EDGE_CURVE('',#912,#920,#922,.T.);
#920 = VERTEX_POINT('',#921);
#921 = CARTESIAN_POINT('',(15.6,-7.25,-15.4));
#922 = LINE('',#923,#924);
#923 = CARTESIAN_POINT('',(22.,-7.25,-15.4));
#924 = VECTOR('',#925,1.);
#925 = DIRECTION('',(-1.,0.,0.));
#926 = ORIENTED_EDGE('',*,*,#927,.T.);
#927 = EDGE_CURVE('',#920,#74,#928,.T.);
#928 = LINE('',#929,#930);
#929 = CARTESIAN_POINT('',(15.6,-7.25,-16.));
#930 = VECTOR('',#931,1.);
#931 = DIRECTION('',(0.,2.22044604925E-16,1.));
#932 = ORIENTED_EDGE('',*,*,#73,.F.);
#933 = ORIENTED_EDGE('',*,*,#864,.T.);
#934 = PLANE('',#935);
#935 = AXIS2_PLACEMENT_3D('',#936,#937,#938);
#936 = CARTESIAN_POINT('',(17.727205130518,-7.25,-1.383937700857));
#937 = DIRECTION('',(0.,1.,0.));
#938 = DIRECTION('',(0.,0.,1.));
#939 = ADVANCED_FACE('',(#940),#958,.F.);
#940 = FACE_BOUND('',#941,.F.);
#941 = EDGE_LOOP('',(#942,#943,#951,#957));
#942 = ORIENTED_EDGE('',*,*,#132,.F.);
#943 = ORIENTED_EDGE('',*,*,#944,.T.);
#944 = EDGE_CURVE('',#124,#945,#947,.T.);
#945 = VERTEX_POINT('',#946);
#946 = CARTESIAN_POINT('',(13.5,15.,16.));
#947 = LINE('',#948,#949);
#948 = CARTESIAN_POINT('',(13.5,15.,0.));
#949 = VECTOR('',#950,1.);
#950 = DIRECTION('',(0.,0.,1.));
#951 = ORIENTED_EDGE('',*,*,#952,.T.);
#952 = EDGE_CURVE('',#945,#880,#953,.T.);
#953 = LINE('',#954,#955);
#954 = CARTESIAN_POINT('',(15.,15.,16.));
#955 = VECTOR('',#956,1.);
#956 = DIRECTION('',(-1.,0.,0.));
#957 = ORIENTED_EDGE('',*,*,#879,.F.);
#958 = PLANE('',#959);
#959 = AXIS2_PLACEMENT_3D('',#960,#961,#962);
#960 = CARTESIAN_POINT('',(15.,15.,0.));
#961 = DIRECTION('',(0.,-1.,0.));
#962 = DIRECTION('',(-1.,0.,0.));
#963 = ADVANCED_FACE('',(#964),#983,.T.);
#964 = FACE_BOUND('',#965,.T.);
#965 = EDGE_LOOP('',(#966,#975,#976,#977));
#966 = ORIENTED_EDGE('',*,*,#967,.T.);
#967 = EDGE_CURVE('',#968,#920,#970,.T.);
#968 = VERTEX_POINT('',#969);
#969 = CARTESIAN_POINT('',(15.,-6.65,-15.4));
#970 = CIRCLE('',#971,0.6);
#971 = AXIS2_PLACEMENT_3D('',#972,#973,#974);
#972 = CARTESIAN_POINT('',(15.6,-6.65,-15.4));
#973 = DIRECTION('',(0.,-6.123233995737E-17,1.));
#974 = DIRECTION('',(0.,-1.,-6.123233995737E-17));
#975 = ORIENTED_EDGE('',*,*,#927,.T.);
#976 = ORIENTED_EDGE('',*,*,#81,.F.);
#977 = ORIENTED_EDGE('',*,*,#978,.F.);
#978 = EDGE_CURVE('',#968,#82,#979,.T.);
#979 = LINE('',#980,#981);
#980 = CARTESIAN_POINT('',(15.,-6.65,-16.));
#981 = VECTOR('',#982,1.);
#982 = DIRECTION('',(0.,2.22044604925E-16,1.));
#983 = CYLINDRICAL_SURFACE('',#984,0.6);
#984 = AXIS2_PLACEMENT_3D('',#985,#986,#987);
#985 = CARTESIAN_POINT('',(15.6,-6.65,-16.));
#986 = DIRECTION('',(0.,2.22044604925E-16,1.));
#987 = DIRECTION('',(-1.,0.,0.));
#988 = ADVANCED_FACE('',(#989),#1008,.T.);
#989 = FACE_BOUND('',#990,.F.);
#990 = EDGE_LOOP('',(#991,#992,#1000,#1007));
#991 = ORIENTED_EDGE('',*,*,#123,.T.);
#992 = ORIENTED_EDGE('',*,*,#993,.T.);
#993 = EDGE_CURVE('',#116,#994,#996,.T.);
#994 = VERTEX_POINT('',#995);
#995 = CARTESIAN_POINT('',(15.,13.5,16.));
#996 = LINE('',#997,#998);
#997 = CARTESIAN_POINT('',(15.,13.5,0.));
#998 = VECTOR('',#999,1.);
#999 = DIRECTION('',(0.,0.,1.));
#1000 = ORIENTED_EDGE('',*,*,#1001,.F.);
#1001 = EDGE_CURVE('',#945,#994,#1002,.T.);
#1002 = CIRCLE('',#1003,1.5);
#1003 = AXIS2_PLACEMENT_3D('',#1004,#1005,#1006);
#1004 = CARTESIAN_POINT('',(13.5,13.5,16.));
#1005 = DIRECTION('',(-0.,-0.,-1.));
#1006 = DIRECTION('',(0.,-1.,0.));
#1007 = ORIENTED_EDGE('',*,*,#944,.F.);
#1008 = CYLINDRICAL_SURFACE('',#1009,1.5);
#1009 = AXIS2_PLACEMENT_3D('',#1010,#1011,#1012);
#1010 = CARTESIAN_POINT('',(13.5,13.5,0.));
#1011 = DIRECTION('',(0.,0.,1.));
#1012 = DIRECTION('',(0.,1.,0.));
#1013 = ADVANCED_FACE('',(#1014,#1032),#1043,.T.);
#1014 = FACE_BOUND('',#1015,.T.);
#1015 = EDGE_LOOP('',(#1016,#1017,#1025,#1031));
#1016 = ORIENTED_EDGE('',*,*,#90,.T.);
#1017 = ORIENTED_EDGE('',*,*,#1018,.F.);
#1018 = EDGE_CURVE('',#1019,#91,#1021,.T.);
#1019 = VERTEX_POINT('',#1020);
#1020 = CARTESIAN_POINT('',(15.,6.65,-15.4));
#1021 = LINE('',#1022,#1023);
#1022 = CARTESIAN_POINT('',(15.,6.65,-16.));
#1023 = VECTOR('',#1024,1.);
#1024 = DIRECTION('',(0.,2.22044604925E-16,1.));
#1025 = ORIENTED_EDGE('',*,*,#1026,.T.);
#1026 = EDGE_CURVE('',#1019,#968,#1027,.T.);
#1027 = LINE('',#1028,#1029);
#1028 = CARTESIAN_POINT('',(15.,7.25,-15.4));
#1029 = VECTOR('',#1030,1.);
#1030 = DIRECTION('',(0.,-1.,2.22044604925E-16));
#1031 = ORIENTED_EDGE('',*,*,#978,.T.);
#1032 = FACE_BOUND('',#1033,.T.);
#1033 = EDGE_LOOP('',(#1034));
#1034 = ORIENTED_EDGE('',*,*,#1035,.T.);
#1035 = EDGE_CURVE('',#1036,#1036,#1038,.T.);
#1036 = VERTEX_POINT('',#1037);
#1037 = CARTESIAN_POINT('',(15.,3.1,-9.));
#1038 = CIRCLE('',#1039,3.1);
#1039 = AXIS2_PLACEMENT_3D('',#1040,#1041,#1042);
#1040 = CARTESIAN_POINT('',(15.,0.,-9.));
#1041 = DIRECTION('',(1.,0.,0.));
#1042 = DIRECTION('',(0.,1.,0.));
#1043 = PLANE('',#1044);
#1044 = AXIS2_PLACEMENT_3D('',#1045,#1046,#1047);
#1045 = CARTESIAN_POINT('',(15.,7.25,-16.));
#1046 = DIRECTION('',(-1.,0.,0.));
#1047 = DIRECTION('',(0.,2.22044604925E-16,1.));
#1048 = ADVANCED_FACE('',(#1049),#1067,.F.);
#1049 = FACE_BOUND('',#1050,.F.);
#1050 = EDGE_LOOP('',(#1051,#1052,#1060,#1066));
#1051 = ORIENTED_EDGE('',*,*,#115,.F.);
#1052 = ORIENTED_EDGE('',*,*,#1053,.T.);
#1053 = EDGE_CURVE('',#108,#1054,#1056,.T.);
#1054 = VERTEX_POINT('',#1055);
#1055 = CARTESIAN_POINT('',(15.,7.25,16.));
#1056 = LINE('',#1057,#1058);
#1057 = CARTESIAN_POINT('',(15.,7.25,-16.));
#1058 = VECTOR('',#1059,1.);
#1059 = DIRECTION('',(0.,2.22044604925E-16,1.));
#1060 = ORIENTED_EDGE('',*,*,#1061,.T.);
#1061 = EDGE_CURVE('',#1054,#994,#1062,.T.);
#1062 = LINE('',#1063,#1064);
#1063 = CARTESIAN_POINT('',(15.,-15.,16.));
#1064 = VECTOR('',#1065,1.);
#1065 = DIRECTION('',(0.,1.,0.));
#1066 = ORIENTED_EDGE('',*,*,#993,.F.);
#1067 = PLANE('',#1068);
#1068 = AXIS2_PLACEMENT_3D('',#1069,#1070,#1071);
#1069 = CARTESIAN_POINT('',(15.,-15.,0.));
#1070 = DIRECTION('',(-1.,0.,0.));
#1071 = DIRECTION('',(0.,1.,0.));
#1072 = ADVANCED_FACE('',(#1073),#1092,.T.);
#1073 = FACE_BOUND('',#1074,.F.);
#1074 = EDGE_LOOP('',(#1075,#1084,#1090,#1091));
#1075 = ORIENTED_EDGE('',*,*,#1076,.T.);
#1076 = EDGE_CURVE('',#1019,#1077,#1079,.T.);
#1077 = VERTEX_POINT('',#1078);
#1078 = CARTESIAN_POINT('',(15.6,7.25,-15.4));
#1079 = CIRCLE('',#1080,0.6);
#1080 = AXIS2_PLACEMENT_3D('',#1081,#1082,#1083);
#1081 = CARTESIAN_POINT('',(15.6,6.65,-15.4));
#1082 = DIRECTION('',(0.,-6.123233995737E-17,-1.));
#1083 = DIRECTION('',(0.,1.,-6.123233995737E-17));
#1084 = ORIENTED_EDGE('',*,*,#1085,.T.);
#1085 = EDGE_CURVE('',#1077,#99,#1086,.T.);
#1086 = LINE('',#1087,#1088);
#1087 = CARTESIAN_POINT('',(15.6,7.25,-16.));
#1088 = VECTOR('',#1089,1.);
#1089 = DIRECTION('',(0.,2.22044604925E-16,1.));
#1090 = ORIENTED_EDGE('',*,*,#98,.F.);
#1091 = ORIENTED_EDGE('',*,*,#1018,.F.);
#1092 = CYLINDRICAL_SURFACE('',#1093,0.6);
#1093 = AXIS2_PLACEMENT_3D('',#1094,#1095,#1096);
#1094 = CARTESIAN_POINT('',(15.6,6.65,-16.));
#1095 = DIRECTION('',(0.,2.22044604925E-16,1.));
#1096 = DIRECTION('',(-1.,0.,0.));
#1097 = ADVANCED_FACE('',(#1098),#1125,.T.);
#1098 = FACE_BOUND('',#1099,.T.);
#1099 = EDGE_LOOP('',(#1100,#1108,#1116,#1122,#1123,#1124));
#1100 = ORIENTED_EDGE('',*,*,#1101,.T.);
#1101 = EDGE_CURVE('',#1054,#1102,#1104,.T.);
#1102 = VERTEX_POINT('',#1103);
#1103 = CARTESIAN_POINT('',(21.4,7.25,1.371428571429));
#1104 = LINE('',#1105,#1106);
#1105 = CARTESIAN_POINT('',(15.,7.25,16.));
#1106 = VECTOR('',#1107,1.);
#1107 = DIRECTION('',(0.40081883402,-2.034277934775E-16,-0.916157334902)
  );
#1108 = ORIENTED_EDGE('',*,*,#1109,.T.);
#1109 = EDGE_CURVE('',#1102,#1110,#1112,.T.);
#1110 = VERTEX_POINT('',#1111);
#1111 = CARTESIAN_POINT('',(21.4,7.25,-15.4));
#1112 = LINE('',#1113,#1114);
#1113 = CARTESIAN_POINT('',(21.4,7.25,0.));
#1114 = VECTOR('',#1115,1.);
#1115 = DIRECTION('',(0.,-2.22044604925E-16,-1.));
#1116 = ORIENTED_EDGE('',*,*,#1117,.T.);
#1117 = EDGE_CURVE('',#1110,#1077,#1118,.T.);
#1118 = LINE('',#1119,#1120);
#1119 = CARTESIAN_POINT('',(22.,7.25,-15.4));
#1120 = VECTOR('',#1121,1.);
#1121 = DIRECTION('',(-1.,0.,0.));
#1122 = ORIENTED_EDGE('',*,*,#1085,.T.);
#1123 = ORIENTED_EDGE('',*,*,#107,.F.);
#1124 = ORIENTED_EDGE('',*,*,#1053,.T.);
#1125 = PLANE('',#1126);
#1126 = AXIS2_PLACEMENT_3D('',#1127,#1128,#1129);
#1127 = CARTESIAN_POINT('',(17.727205130518,7.25,-1.383937700857));
#1128 = DIRECTION('',(0.,1.,0.));
#1129 = DIRECTION('',(0.,0.,1.));
#1130 = ADVANCED_FACE('',(#1131),#1157,.T.);
#1131 = FACE_BOUND('',#1132,.T.);
#1132 = EDGE_LOOP('',(#1133,#1134,#1142,#1151));
#1133 = ORIENTED_EDGE('',*,*,#191,.F.);
#1134 = ORIENTED_EDGE('',*,*,#1135,.T.);
#1135 = EDGE_CURVE('',#192,#1136,#1138,.T.);
#1136 = VERTEX_POINT('',#1137);
#1137 = CARTESIAN_POINT('',(-2.571428571429,-5.421047417432,8.));
#1138 = LINE('',#1139,#1140);
#1139 = CARTESIAN_POINT('',(-2.571428571429,-5.421047417432,0.));
#1140 = VECTOR('',#1141,1.);
#1141 = DIRECTION('',(0.,0.,1.));
#1142 = ORIENTED_EDGE('',*,*,#1143,.T.);
#1143 = EDGE_CURVE('',#1136,#1144,#1146,.T.);
#1144 = VERTEX_POINT('',#1145);
#1145 = CARTESIAN_POINT('',(-5.421047417432,-2.571428571429,8.));
#1146 = CIRCLE('',#1147,6.);
#1147 = AXIS2_PLACEMENT_3D('',#1148,#1149,#1150);
#1148 = CARTESIAN_POINT('',(0.,0.,8.));
#1149 = DIRECTION('',(0.,-0.,-1.));
#1150 = DIRECTION('',(1.110223024625E-16,-1.,0.));
#1151 = ORIENTED_EDGE('',*,*,#1152,.F.);
#1152 = EDGE_CURVE('',#194,#1144,#1153,.T.);
#1153 = LINE('',#1154,#1155);
#1154 = CARTESIAN_POINT('',(-5.421047417432,-2.571428571429,0.));
#1155 = VECTOR('',#1156,1.);
#1156 = DIRECTION('',(0.,0.,1.));
#1157 = CYLINDRICAL_SURFACE('',#1158,6.);
#1158 = AXIS2_PLACEMENT_3D('',#1159,#1160,#1161);
#1159 = CARTESIAN_POINT('',(0.,0.,0.));
#1160 = DIRECTION('',(0.,0.,-1.));
#1161 = DIRECTION('',(1.110223024625E-16,-1.,0.));
#1162 = ADVANCED_FACE('',(#1163),#1182,.F.);
#1163 = FACE_BOUND('',#1164,.T.);
#1164 = EDGE_LOOP('',(#1165,#1166,#1174,#1181));
#1165 = ORIENTED_EDGE('',*,*,#202,.T.);
#1166 = ORIENTED_EDGE('',*,*,#1167,.T.);
#1167 = EDGE_CURVE('',#203,#1168,#1170,.T.);
#1168 = VERTEX_POINT('',#1169);
#1169 = CARTESIAN_POINT('',(-2.,-6.324555320337,8.));
#1170 = LINE('',#1171,#1172);
#1171 = CARTESIAN_POINT('',(-2.,-6.324555320337,0.));
#1172 = VECTOR('',#1173,1.);
#1173 = DIRECTION('',(0.,0.,1.));
#1174 = ORIENTED_EDGE('',*,*,#1175,.F.);
#1175 = EDGE_CURVE('',#1136,#1168,#1176,.T.);
#1176 = CIRCLE('',#1177,1.);
#1177 = AXIS2_PLACEMENT_3D('',#1178,#1179,#1180);
#1178 = CARTESIAN_POINT('',(-3.,-6.324555320337,8.));
#1179 = DIRECTION('',(0.,0.,-1.));
#1180 = DIRECTION('',(0.,-1.,0.));
#1181 = ORIENTED_EDGE('',*,*,#1135,.F.);
#1182 = CYLINDRICAL_SURFACE('',#1183,1.);
#1183 = AXIS2_PLACEMENT_3D('',#1184,#1185,#1186);
#1184 = CARTESIAN_POINT('',(-3.,-6.324555320337,0.));
#1185 = DIRECTION('',(0.,0.,1.));
#1186 = DIRECTION('',(0.428571428571,0.903507902905,0.));
#1187 = ADVANCED_FACE('',(#1188),#1207,.F.);
#1188 = FACE_BOUND('',#1189,.F.);
#1189 = EDGE_LOOP('',(#1190,#1191,#1199,#1206));
#1190 = ORIENTED_EDGE('',*,*,#270,.T.);
#1191 = ORIENTED_EDGE('',*,*,#1192,.T.);
#1192 = EDGE_CURVE('',#263,#1193,#1195,.T.);
#1193 = VERTEX_POINT('',#1194);
#1194 = CARTESIAN_POINT('',(-6.324555320337,-2.,8.));
#1195 = LINE('',#1196,#1197);
#1196 = CARTESIAN_POINT('',(-6.324555320337,-2.,0.));
#1197 = VECTOR('',#1198,1.);
#1198 = DIRECTION('',(0.,0.,1.));
#1199 = ORIENTED_EDGE('',*,*,#1200,.F.);
#1200 = EDGE_CURVE('',#1144,#1193,#1201,.T.);
#1201 = CIRCLE('',#1202,1.);
#1202 = AXIS2_PLACEMENT_3D('',#1203,#1204,#1205);
#1203 = CARTESIAN_POINT('',(-6.324555320337,-3.,8.));
#1204 = DIRECTION('',(-0.,0.,1.));
#1205 = DIRECTION('',(0.,-1.,0.));
#1206 = ORIENTED_EDGE('',*,*,#1152,.F.);
#1207 = CYLINDRICAL_SURFACE('',#1208,1.);
#1208 = AXIS2_PLACEMENT_3D('',#1209,#1210,#1211);
#1209 = CARTESIAN_POINT('',(-6.324555320337,-3.,0.));
#1210 = DIRECTION('',(0.,0.,1.));
#1211 = DIRECTION('',(0.903507902905,0.428571428571,0.));
#1212 = ADVANCED_FACE('',(#1213),#1231,.T.);
#1213 = FACE_BOUND('',#1214,.T.);
#1214 = EDGE_LOOP('',(#1215,#1216,#1224,#1230));
#1215 = ORIENTED_EDGE('',*,*,#211,.F.);
#1216 = ORIENTED_EDGE('',*,*,#1217,.T.);
#1217 = EDGE_CURVE('',#212,#1218,#1220,.T.);
#1218 = VERTEX_POINT('',#1219);
#1219 = CARTESIAN_POINT('',(-2.,-12.,8.));
#1220 = LINE('',#1221,#1222);
#1221 = CARTESIAN_POINT('',(-2.,-12.,0.));
#1222 = VECTOR('',#1223,1.);
#1223 = DIRECTION('',(0.,0.,1.));
#1224 = ORIENTED_EDGE('',*,*,#1225,.T.);
#1225 = EDGE_CURVE('',#1218,#1168,#1226,.T.);
#1226 = LINE('',#1227,#1228);
#1227 = CARTESIAN_POINT('',(-2.,-13.,8.));
#1228 = VECTOR('',#1229,1.);
#1229 = DIRECTION('',(-1.110223024625E-16,1.,0.));
#1230 = ORIENTED_EDGE('',*,*,#1167,.F.);
#1231 = PLANE('',#1232);
#1232 = AXIS2_PLACEMENT_3D('',#1233,#1234,#1235);
#1233 = CARTESIAN_POINT('',(-2.,-13.,0.));
#1234 = DIRECTION('',(-1.,-1.110223024625E-16,0.));
#1235 = DIRECTION('',(-1.110223024625E-16,1.,0.));
#1236 = ADVANCED_FACE('',(#1237),#1255,.F.);
#1237 = FACE_BOUND('',#1238,.F.);
#1238 = EDGE_LOOP('',(#1239,#1240,#1248,#1254));
#1239 = ORIENTED_EDGE('',*,*,#262,.F.);
#1240 = ORIENTED_EDGE('',*,*,#1241,.T.);
#1241 = EDGE_CURVE('',#254,#1242,#1244,.T.);
#1242 = VERTEX_POINT('',#1243);
#1243 = CARTESIAN_POINT('',(-12.,-2.,8.));
#1244 = LINE('',#1245,#1246);
#1245 = CARTESIAN_POINT('',(-12.,-2.,0.));
#1246 = VECTOR('',#1247,1.);
#1247 = DIRECTION('',(0.,0.,1.));
#1248 = ORIENTED_EDGE('',*,*,#1249,.T.);
#1249 = EDGE_CURVE('',#1242,#1193,#1250,.T.);
#1250 = LINE('',#1251,#1252);
#1251 = CARTESIAN_POINT('',(-13.,-2.,8.));
#1252 = VECTOR('',#1253,1.);
#1253 = DIRECTION('',(1.,1.110223024625E-16,0.));
#1254 = ORIENTED_EDGE('',*,*,#1192,.F.);
#1255 = PLANE('',#1256);
#1256 = AXIS2_PLACEMENT_3D('',#1257,#1258,#1259);
#1257 = CARTESIAN_POINT('',(-13.,-2.,0.));
#1258 = DIRECTION('',(-1.110223024625E-16,1.,0.));
#1259 = DIRECTION('',(1.,1.110223024625E-16,0.));
#1260 = ADVANCED_FACE('',(#1261),#1280,.F.);
#1261 = FACE_BOUND('',#1262,.F.);
#1262 = EDGE_LOOP('',(#1263,#1264,#1265,#1274));
#1263 = ORIENTED_EDGE('',*,*,#219,.T.);
#1264 = ORIENTED_EDGE('',*,*,#1217,.T.);
#1265 = ORIENTED_EDGE('',*,*,#1266,.F.);
#1266 = EDGE_CURVE('',#1267,#1218,#1269,.T.);
#1267 = VERTEX_POINT('',#1268);
#1268 = CARTESIAN_POINT('',(-3.,-13.,8.));
#1269 = CIRCLE('',#1270,1.);
#1270 = AXIS2_PLACEMENT_3D('',#1271,#1272,#1273);
#1271 = CARTESIAN_POINT('',(-3.,-12.,8.));
#1272 = DIRECTION('',(-0.,0.,1.));
#1273 = DIRECTION('',(0.,-1.,0.));
#1274 = ORIENTED_EDGE('',*,*,#1275,.F.);
#1275 = EDGE_CURVE('',#220,#1267,#1276,.T.);
#1276 = LINE('',#1277,#1278);
#1277 = CARTESIAN_POINT('',(-3.,-13.,0.));
#1278 = VECTOR('',#1279,1.);
#1279 = DIRECTION('',(0.,0.,1.));
#1280 = CYLINDRICAL_SURFACE('',#1281,1.);
#1281 = AXIS2_PLACEMENT_3D('',#1282,#1283,#1284);
#1282 = CARTESIAN_POINT('',(-3.,-12.,0.));
#1283 = DIRECTION('',(0.,0.,1.));
#1284 = DIRECTION('',(1.110223024625E-16,-1.,0.));
#1285 = ADVANCED_FACE('',(#1286),#1305,.F.);
#1286 = FACE_BOUND('',#1287,.F.);
#1287 = EDGE_LOOP('',(#1288,#1289,#1297,#1304));
#1288 = ORIENTED_EDGE('',*,*,#253,.T.);
#1289 = ORIENTED_EDGE('',*,*,#1290,.T.);
#1290 = EDGE_CURVE('',#246,#1291,#1293,.T.);
#1291 = VERTEX_POINT('',#1292);
#1292 = CARTESIAN_POINT('',(-13.,-3.,8.));
#1293 = LINE('',#1294,#1295);
#1294 = CARTESIAN_POINT('',(-13.,-3.,0.));
#1295 = VECTOR('',#1296,1.);
#1296 = DIRECTION('',(0.,0.,1.));
#1297 = ORIENTED_EDGE('',*,*,#1298,.F.);
#1298 = EDGE_CURVE('',#1242,#1291,#1299,.T.);
#1299 = CIRCLE('',#1300,1.);
#1300 = AXIS2_PLACEMENT_3D('',#1301,#1302,#1303);
#1301 = CARTESIAN_POINT('',(-12.,-3.,8.));
#1302 = DIRECTION('',(-0.,0.,1.));
#1303 = DIRECTION('',(0.,-1.,0.));
#1304 = ORIENTED_EDGE('',*,*,#1241,.F.);
#1305 = CYLINDRICAL_SURFACE('',#1306,1.);
#1306 = AXIS2_PLACEMENT_3D('',#1307,#1308,#1309);
#1307 = CARTESIAN_POINT('',(-12.,-3.,0.));
#1308 = DIRECTION('',(0.,0.,1.));
#1309 = DIRECTION('',(-1.110223024625E-16,1.,0.));
#1310 = ADVANCED_FACE('',(#1311),#1329,.T.);
#1311 = FACE_BOUND('',#1312,.T.);
#1312 = EDGE_LOOP('',(#1313,#1314,#1322,#1328));
#1313 = ORIENTED_EDGE('',*,*,#228,.F.);
#1314 = ORIENTED_EDGE('',*,*,#1315,.T.);
#1315 = EDGE_CURVE('',#229,#1316,#1318,.T.);
#1316 = VERTEX_POINT('',#1317);
#1317 = CARTESIAN_POINT('',(-12.,-13.,8.));
#1318 = LINE('',#1319,#1320);
#1319 = CARTESIAN_POINT('',(-12.,-13.,0.));
#1320 = VECTOR('',#1321,1.);
#1321 = DIRECTION('',(0.,0.,1.));
#1322 = ORIENTED_EDGE('',*,*,#1323,.T.);
#1323 = EDGE_CURVE('',#1316,#1267,#1324,.T.);
#1324 = LINE('',#1325,#1326);
#1325 = CARTESIAN_POINT('',(-13.,-13.,8.));
#1326 = VECTOR('',#1327,1.);
#1327 = DIRECTION('',(1.,1.110223024625E-16,0.));
#1328 = ORIENTED_EDGE('',*,*,#1275,.F.);
#1329 = PLANE('',#1330);
#1330 = AXIS2_PLACEMENT_3D('',#1331,#1332,#1333);
#1331 = CARTESIAN_POINT('',(-13.,-13.,0.));
#1332 = DIRECTION('',(-1.110223024625E-16,1.,0.));
#1333 = DIRECTION('',(1.,1.110223024625E-16,0.));
#1334 = ADVANCED_FACE('',(#1335),#1353,.T.);
#1335 = FACE_BOUND('',#1336,.T.);
#1336 = EDGE_LOOP('',(#1337,#1338,#1339,#1347));
#1337 = ORIENTED_EDGE('',*,*,#245,.F.);
#1338 = ORIENTED_EDGE('',*,*,#1290,.T.);
#1339 = ORIENTED_EDGE('',*,*,#1340,.T.);
#1340 = EDGE_CURVE('',#1291,#1341,#1343,.T.);
#1341 = VERTEX_POINT('',#1342);
#1342 = CARTESIAN_POINT('',(-13.,-12.,8.));
#1343 = LINE('',#1344,#1345);
#1344 = CARTESIAN_POINT('',(-13.,-2.,8.));
#1345 = VECTOR('',#1346,1.);
#1346 = DIRECTION('',(1.110223024625E-16,-1.,0.));
#1347 = ORIENTED_EDGE('',*,*,#1348,.F.);
#1348 = EDGE_CURVE('',#237,#1341,#1349,.T.);
#1349 = LINE('',#1350,#1351);
#1350 = CARTESIAN_POINT('',(-13.,-12.,0.));
#1351 = VECTOR('',#1352,1.);
#1352 = DIRECTION('',(0.,0.,1.));
#1353 = PLANE('',#1354);
#1354 = AXIS2_PLACEMENT_3D('',#1355,#1356,#1357);
#1355 = CARTESIAN_POINT('',(-13.,-2.,0.));
#1356 = DIRECTION('',(1.,1.110223024625E-16,0.));
#1357 = DIRECTION('',(1.110223024625E-16,-1.,0.));
#1358 = ADVANCED_FACE('',(#1359),#1371,.F.);
#1359 = FACE_BOUND('',#1360,.F.);
#1360 = EDGE_LOOP('',(#1361,#1362,#1363,#1370));
#1361 = ORIENTED_EDGE('',*,*,#236,.T.);
#1362 = ORIENTED_EDGE('',*,*,#1315,.T.);
#1363 = ORIENTED_EDGE('',*,*,#1364,.F.);
#1364 = EDGE_CURVE('',#1341,#1316,#1365,.T.);
#1365 = CIRCLE('',#1366,1.);
#1366 = AXIS2_PLACEMENT_3D('',#1367,#1368,#1369);
#1367 = CARTESIAN_POINT('',(-12.,-12.,8.));
#1368 = DIRECTION('',(-0.,0.,1.));
#1369 = DIRECTION('',(0.,-1.,0.));
#1370 = ORIENTED_EDGE('',*,*,#1348,.F.);
#1371 = CYLINDRICAL_SURFACE('',#1372,1.);
#1372 = AXIS2_PLACEMENT_3D('',#1373,#1374,#1375);
#1373 = CARTESIAN_POINT('',(-12.,-12.,0.));
#1374 = DIRECTION('',(0.,0.,1.));
#1375 = DIRECTION('',(-1.,-1.110223024625E-16,0.));
#1376 = ADVANCED_FACE('',(#1377),#1396,.F.);
#1377 = FACE_BOUND('',#1378,.F.);
#1378 = EDGE_LOOP('',(#1379,#1388,#1394,#1395));
#1379 = ORIENTED_EDGE('',*,*,#1380,.F.);
#1380 = EDGE_CURVE('',#1381,#1381,#1383,.T.);
#1381 = VERTEX_POINT('',#1382);
#1382 = CARTESIAN_POINT('',(4.,0.,23.));
#1383 = CIRCLE('',#1384,4.);
#1384 = AXIS2_PLACEMENT_3D('',#1385,#1386,#1387);
#1385 = CARTESIAN_POINT('',(0.,0.,23.));
#1386 = DIRECTION('',(0.,0.,1.));
#1387 = DIRECTION('',(1.,0.,0.));
#1388 = ORIENTED_EDGE('',*,*,#1389,.T.);
#1389 = EDGE_CURVE('',#1381,#280,#1390,.T.);
#1390 = LINE('',#1391,#1392);
#1391 = CARTESIAN_POINT('',(4.,0.,24.));
#1392 = VECTOR('',#1393,1.);
#1393 = DIRECTION('',(-0.,-0.,-1.));
#1394 = ORIENTED_EDGE('',*,*,#279,.T.);
#1395 = ORIENTED_EDGE('',*,*,#1389,.F.);
#1396 = CYLINDRICAL_SURFACE('',#1397,4.);
#1397 = AXIS2_PLACEMENT_3D('',#1398,#1399,#1400);
#1398 = CARTESIAN_POINT('',(0.,0.,24.));
#1399 = DIRECTION('',(0.,0.,1.));
#1400 = DIRECTION('',(1.,0.,0.));
#1401 = ADVANCED_FACE('',(#1402),#1428,.T.);
#1402 = FACE_BOUND('',#1403,.T.);
#1403 = EDGE_LOOP('',(#1404,#1405,#1413,#1422));
#1404 = ORIENTED_EDGE('',*,*,#290,.F.);
#1405 = ORIENTED_EDGE('',*,*,#1406,.T.);
#1406 = EDGE_CURVE('',#291,#1407,#1409,.T.);
#1407 = VERTEX_POINT('',#1408);
#1408 = CARTESIAN_POINT('',(5.421047417432,-2.571428571429,8.));
#1409 = LINE('',#1410,#1411);
#1410 = CARTESIAN_POINT('',(5.421047417432,-2.571428571429,0.));
#1411 = VECTOR('',#1412,1.);
#1412 = DIRECTION('',(0.,0.,1.));
#1413 = ORIENTED_EDGE('',*,*,#1414,.T.);
#1414 = EDGE_CURVE('',#1407,#1415,#1417,.T.);
#1415 = VERTEX_POINT('',#1416);
#1416 = CARTESIAN_POINT('',(2.571428571429,-5.421047417432,8.));
#1417 = CIRCLE('',#1418,6.);
#1418 = AXIS2_PLACEMENT_3D('',#1419,#1420,#1421);
#1419 = CARTESIAN_POINT('',(0.,0.,8.));
#1420 = DIRECTION('',(0.,0.,-1.));
#1421 = DIRECTION('',(1.,0.,0.));
#1422 = ORIENTED_EDGE('',*,*,#1423,.F.);
#1423 = EDGE_CURVE('',#293,#1415,#1424,.T.);
#1424 = LINE('',#1425,#1426);
#1425 = CARTESIAN_POINT('',(2.571428571429,-5.421047417432,0.));
#1426 = VECTOR('',#1427,1.);
#1427 = DIRECTION('',(0.,0.,1.));
#1428 = CYLINDRICAL_SURFACE('',#1429,6.);
#1429 = AXIS2_PLACEMENT_3D('',#1430,#1431,#1432);
#1430 = CARTESIAN_POINT('',(0.,0.,0.));
#1431 = DIRECTION('',(0.,0.,-1.));
#1432 = DIRECTION('',(1.,0.,0.));
#1433 = ADVANCED_FACE('',(#1434),#1453,.F.);
#1434 = FACE_BOUND('',#1435,.T.);
#1435 = EDGE_LOOP('',(#1436,#1437,#1445,#1452));
#1436 = ORIENTED_EDGE('',*,*,#301,.T.);
#1437 = ORIENTED_EDGE('',*,*,#1438,.T.);
#1438 = EDGE_CURVE('',#302,#1439,#1441,.T.);
#1439 = VERTEX_POINT('',#1440);
#1440 = CARTESIAN_POINT('',(6.324555320337,-2.,8.));
#1441 = LINE('',#1442,#1443);
#1442 = CARTESIAN_POINT('',(6.324555320337,-2.,0.));
#1443 = VECTOR('',#1444,1.);
#1444 = DIRECTION('',(0.,0.,1.));
#1445 = ORIENTED_EDGE('',*,*,#1446,.F.);
#1446 = EDGE_CURVE('',#1407,#1439,#1447,.T.);
#1447 = CIRCLE('',#1448,1.);
#1448 = AXIS2_PLACEMENT_3D('',#1449,#1450,#1451);
#1449 = CARTESIAN_POINT('',(6.324555320337,-3.,8.));
#1450 = DIRECTION('',(0.,0.,-1.));
#1451 = DIRECTION('',(0.,-1.,0.));
#1452 = ORIENTED_EDGE('',*,*,#1406,.F.);
#1453 = CYLINDRICAL_SURFACE('',#1454,1.);
#1454 = AXIS2_PLACEMENT_3D('',#1455,#1456,#1457);
#1455 = CARTESIAN_POINT('',(6.324555320337,-3.,0.));
#1456 = DIRECTION('',(0.,0.,1.));
#1457 = DIRECTION('',(-0.903507902905,0.428571428571,0.));
#1458 = ADVANCED_FACE('',(#1459),#1478,.F.);
#1459 = FACE_BOUND('',#1460,.F.);
#1460 = EDGE_LOOP('',(#1461,#1462,#1470,#1477));
#1461 = ORIENTED_EDGE('',*,*,#369,.T.);
#1462 = ORIENTED_EDGE('',*,*,#1463,.T.);
#1463 = EDGE_CURVE('',#362,#1464,#1466,.T.);
#1464 = VERTEX_POINT('',#1465);
#1465 = CARTESIAN_POINT('',(2.,-6.324555320337,8.));
#1466 = LINE('',#1467,#1468);
#1467 = CARTESIAN_POINT('',(2.,-6.324555320337,0.));
#1468 = VECTOR('',#1469,1.);
#1469 = DIRECTION('',(0.,0.,1.));
#1470 = ORIENTED_EDGE('',*,*,#1471,.F.);
#1471 = EDGE_CURVE('',#1415,#1464,#1472,.T.);
#1472 = CIRCLE('',#1473,1.);
#1473 = AXIS2_PLACEMENT_3D('',#1474,#1475,#1476);
#1474 = CARTESIAN_POINT('',(3.,-6.324555320337,8.));
#1475 = DIRECTION('',(-0.,0.,1.));
#1476 = DIRECTION('',(0.,-1.,0.));
#1477 = ORIENTED_EDGE('',*,*,#1423,.F.);
#1478 = CYLINDRICAL_SURFACE('',#1479,1.);
#1479 = AXIS2_PLACEMENT_3D('',#1480,#1481,#1482);
#1480 = CARTESIAN_POINT('',(3.,-6.324555320337,0.));
#1481 = DIRECTION('',(0.,0.,1.));
#1482 = DIRECTION('',(-0.428571428571,0.903507902905,0.));
#1483 = ADVANCED_FACE('',(#1484),#1502,.T.);
#1484 = FACE_BOUND('',#1485,.T.);
#1485 = EDGE_LOOP('',(#1486,#1487,#1495,#1501));
#1486 = ORIENTED_EDGE('',*,*,#310,.F.);
#1487 = ORIENTED_EDGE('',*,*,#1488,.T.);
#1488 = EDGE_CURVE('',#311,#1489,#1491,.T.);
#1489 = VERTEX_POINT('',#1490);
#1490 = CARTESIAN_POINT('',(12.,-2.,8.));
#1491 = LINE('',#1492,#1493);
#1492 = CARTESIAN_POINT('',(12.,-2.,0.));
#1493 = VECTOR('',#1494,1.);
#1494 = DIRECTION('',(0.,0.,1.));
#1495 = ORIENTED_EDGE('',*,*,#1496,.T.);
#1496 = EDGE_CURVE('',#1489,#1439,#1497,.T.);
#1497 = LINE('',#1498,#1499);
#1498 = CARTESIAN_POINT('',(13.,-2.,8.));
#1499 = VECTOR('',#1500,1.);
#1500 = DIRECTION('',(-1.,0.,0.));
#1501 = ORIENTED_EDGE('',*,*,#1438,.F.);
#1502 = PLANE('',#1503);
#1503 = AXIS2_PLACEMENT_3D('',#1504,#1505,#1506);
#1504 = CARTESIAN_POINT('',(13.,-2.,0.));
#1505 = DIRECTION('',(0.,-1.,0.));
#1506 = DIRECTION('',(-1.,0.,0.));
#1507 = ADVANCED_FACE('',(#1508),#1526,.F.);
#1508 = FACE_BOUND('',#1509,.F.);
#1509 = EDGE_LOOP('',(#1510,#1511,#1519,#1525));
#1510 = ORIENTED_EDGE('',*,*,#361,.F.);
#1511 = ORIENTED_EDGE('',*,*,#1512,.T.);
#1512 = EDGE_CURVE('',#353,#1513,#1515,.T.);
#1513 = VERTEX_POINT('',#1514);
#1514 = CARTESIAN_POINT('',(2.,-12.,8.));
#1515 = LINE('',#1516,#1517);
#1516 = CARTESIAN_POINT('',(2.,-12.,0.));
#1517 = VECTOR('',#1518,1.);
#1518 = DIRECTION('',(0.,0.,1.));
#1519 = ORIENTED_EDGE('',*,*,#1520,.T.);
#1520 = EDGE_CURVE('',#1513,#1464,#1521,.T.);
#1521 = LINE('',#1522,#1523);
#1522 = CARTESIAN_POINT('',(2.,-13.,8.));
#1523 = VECTOR('',#1524,1.);
#1524 = DIRECTION('',(0.,1.,0.));
#1525 = ORIENTED_EDGE('',*,*,#1463,.F.);
#1526 = PLANE('',#1527);
#1527 = AXIS2_PLACEMENT_3D('',#1528,#1529,#1530);
#1528 = CARTESIAN_POINT('',(2.,-13.,0.));
#1529 = DIRECTION('',(-1.,0.,0.));
#1530 = DIRECTION('',(0.,1.,0.));
#1531 = ADVANCED_FACE('',(#1532),#1551,.F.);
#1532 = FACE_BOUND('',#1533,.T.);
#1533 = EDGE_LOOP('',(#1534,#1535,#1543,#1550));
#1534 = ORIENTED_EDGE('',*,*,#318,.T.);
#1535 = ORIENTED_EDGE('',*,*,#1536,.T.);
#1536 = EDGE_CURVE('',#319,#1537,#1539,.T.);
#1537 = VERTEX_POINT('',#1538);
#1538 = CARTESIAN_POINT('',(13.,-3.,8.));
#1539 = LINE('',#1540,#1541);
#1540 = CARTESIAN_POINT('',(13.,-3.,0.));
#1541 = VECTOR('',#1542,1.);
#1542 = DIRECTION('',(0.,0.,1.));
#1543 = ORIENTED_EDGE('',*,*,#1544,.F.);
#1544 = EDGE_CURVE('',#1489,#1537,#1545,.T.);
#1545 = CIRCLE('',#1546,1.);
#1546 = AXIS2_PLACEMENT_3D('',#1547,#1548,#1549);
#1547 = CARTESIAN_POINT('',(12.,-3.,8.));
#1548 = DIRECTION('',(-0.,-0.,-1.));
#1549 = DIRECTION('',(0.,-1.,0.));
#1550 = ORIENTED_EDGE('',*,*,#1488,.F.);
#1551 = CYLINDRICAL_SURFACE('',#1552,1.);
#1552 = AXIS2_PLACEMENT_3D('',#1553,#1554,#1555);
#1553 = CARTESIAN_POINT('',(12.,-3.,0.));
#1554 = DIRECTION('',(0.,0.,1.));
#1555 = DIRECTION('',(0.,1.,0.));
#1556 = ADVANCED_FACE('',(#1557),#1576,.F.);
#1557 = FACE_BOUND('',#1558,.F.);
#1558 = EDGE_LOOP('',(#1559,#1560,#1568,#1575));
#1559 = ORIENTED_EDGE('',*,*,#352,.T.);
#1560 = ORIENTED_EDGE('',*,*,#1561,.T.);
#1561 = EDGE_CURVE('',#345,#1562,#1564,.T.);
#1562 = VERTEX_POINT('',#1563);
#1563 = CARTESIAN_POINT('',(3.,-13.,8.));
#1564 = LINE('',#1565,#1566);
#1565 = CARTESIAN_POINT('',(3.,-13.,0.));
#1566 = VECTOR('',#1567,1.);
#1567 = DIRECTION('',(0.,0.,1.));
#1568 = ORIENTED_EDGE('',*,*,#1569,.F.);
#1569 = EDGE_CURVE('',#1513,#1562,#1570,.T.);
#1570 = CIRCLE('',#1571,1.);
#1571 = AXIS2_PLACEMENT_3D('',#1572,#1573,#1574);
#1572 = CARTESIAN_POINT('',(3.,-12.,8.));
#1573 = DIRECTION('',(-0.,0.,1.));
#1574 = DIRECTION('',(0.,-1.,0.));
#1575 = ORIENTED_EDGE('',*,*,#1512,.F.);
#1576 = CYLINDRICAL_SURFACE('',#1577,1.);
#1577 = AXIS2_PLACEMENT_3D('',#1578,#1579,#1580);
#1578 = CARTESIAN_POINT('',(3.,-12.,0.));
#1579 = DIRECTION('',(0.,0.,1.));
#1580 = DIRECTION('',(-1.,0.,0.));
#1581 = ADVANCED_FACE('',(#1582),#1600,.T.);
#1582 = FACE_BOUND('',#1583,.T.);
#1583 = EDGE_LOOP('',(#1584,#1585,#1593,#1599));
#1584 = ORIENTED_EDGE('',*,*,#327,.F.);
#1585 = ORIENTED_EDGE('',*,*,#1586,.T.);
#1586 = EDGE_CURVE('',#328,#1587,#1589,.T.);
#1587 = VERTEX_POINT('',#1588);
#1588 = CARTESIAN_POINT('',(13.,-12.,8.));
#1589 = LINE('',#1590,#1591);
#1590 = CARTESIAN_POINT('',(13.,-12.,0.));
#1591 = VECTOR('',#1592,1.);
#1592 = DIRECTION('',(0.,0.,1.));
#1593 = ORIENTED_EDGE('',*,*,#1594,.T.);
#1594 = EDGE_CURVE('',#1587,#1537,#1595,.T.);
#1595 = LINE('',#1596,#1597);
#1596 = CARTESIAN_POINT('',(13.,-13.,8.));
#1597 = VECTOR('',#1598,1.);
#1598 = DIRECTION('',(0.,1.,0.));
#1599 = ORIENTED_EDGE('',*,*,#1536,.F.);
#1600 = PLANE('',#1601);
#1601 = AXIS2_PLACEMENT_3D('',#1602,#1603,#1604);
#1602 = CARTESIAN_POINT('',(13.,-13.,0.));
#1603 = DIRECTION('',(-1.,0.,0.));
#1604 = DIRECTION('',(0.,1.,0.));
#1605 = ADVANCED_FACE('',(#1606),#1624,.T.);
#1606 = FACE_BOUND('',#1607,.T.);
#1607 = EDGE_LOOP('',(#1608,#1609,#1610,#1618));
#1608 = ORIENTED_EDGE('',*,*,#344,.F.);
#1609 = ORIENTED_EDGE('',*,*,#1561,.T.);
#1610 = ORIENTED_EDGE('',*,*,#1611,.T.);
#1611 = EDGE_CURVE('',#1562,#1612,#1614,.T.);
#1612 = VERTEX_POINT('',#1613);
#1613 = CARTESIAN_POINT('',(12.,-13.,8.));
#1614 = LINE('',#1615,#1616);
#1615 = CARTESIAN_POINT('',(2.,-13.,8.));
#1616 = VECTOR('',#1617,1.);
#1617 = DIRECTION('',(1.,0.,0.));
#1618 = ORIENTED_EDGE('',*,*,#1619,.F.);
#1619 = EDGE_CURVE('',#336,#1612,#1620,.T.);
#1620 = LINE('',#1621,#1622);
#1621 = CARTESIAN_POINT('',(12.,-13.,0.));
#1622 = VECTOR('',#1623,1.);
#1623 = DIRECTION('',(0.,0.,1.));
#1624 = PLANE('',#1625);
#1625 = AXIS2_PLACEMENT_3D('',#1626,#1627,#1628);
#1626 = CARTESIAN_POINT('',(2.,-13.,0.));
#1627 = DIRECTION('',(0.,1.,0.));
#1628 = DIRECTION('',(1.,0.,0.));
#1629 = ADVANCED_FACE('',(#1630),#1642,.F.);
#1630 = FACE_BOUND('',#1631,.T.);
#1631 = EDGE_LOOP('',(#1632,#1633,#1634,#1641));
#1632 = ORIENTED_EDGE('',*,*,#335,.T.);
#1633 = ORIENTED_EDGE('',*,*,#1619,.T.);
#1634 = ORIENTED_EDGE('',*,*,#1635,.F.);
#1635 = EDGE_CURVE('',#1587,#1612,#1636,.T.);
#1636 = CIRCLE('',#1637,1.);
#1637 = AXIS2_PLACEMENT_3D('',#1638,#1639,#1640);
#1638 = CARTESIAN_POINT('',(12.,-12.,8.));
#1639 = DIRECTION('',(-0.,-0.,-1.));
#1640 = DIRECTION('',(0.,-1.,0.));
#1641 = ORIENTED_EDGE('',*,*,#1586,.F.);
#1642 = CYLINDRICAL_SURFACE('',#1643,1.);
#1643 = AXIS2_PLACEMENT_3D('',#1644,#1645,#1646);
#1644 = CARTESIAN_POINT('',(12.,-12.,0.));
#1645 = DIRECTION('',(0.,0.,1.));
#1646 = DIRECTION('',(1.,0.,0.));
#1647 = ADVANCED_FACE('',(#1648),#1674,.T.);
#1648 = FACE_BOUND('',#1649,.T.);
#1649 = EDGE_LOOP('',(#1650,#1651,#1659,#1668));
#1650 = ORIENTED_EDGE('',*,*,#378,.F.);
#1651 = ORIENTED_EDGE('',*,*,#1652,.T.);
#1652 = EDGE_CURVE('',#379,#1653,#1655,.T.);
#1653 = VERTEX_POINT('',#1654);
#1654 = CARTESIAN_POINT('',(-5.421047417432,2.571428571429,8.));
#1655 = LINE('',#1656,#1657);
#1656 = CARTESIAN_POINT('',(-5.421047417432,2.571428571429,0.));
#1657 = VECTOR('',#1658,1.);
#1658 = DIRECTION('',(0.,0.,1.));
#1659 = ORIENTED_EDGE('',*,*,#1660,.T.);
#1660 = EDGE_CURVE('',#1653,#1661,#1663,.T.);
#1661 = VERTEX_POINT('',#1662);
#1662 = CARTESIAN_POINT('',(-2.571428571429,5.421047417432,8.));
#1663 = CIRCLE('',#1664,6.);
#1664 = AXIS2_PLACEMENT_3D('',#1665,#1666,#1667);
#1665 = CARTESIAN_POINT('',(0.,0.,8.));
#1666 = DIRECTION('',(-0.,0.,-1.));
#1667 = DIRECTION('',(-1.,-1.224646799147E-16,0.));
#1668 = ORIENTED_EDGE('',*,*,#1669,.F.);
#1669 = EDGE_CURVE('',#381,#1661,#1670,.T.);
#1670 = LINE('',#1671,#1672);
#1671 = CARTESIAN_POINT('',(-2.571428571429,5.421047417432,0.));
#1672 = VECTOR('',#1673,1.);
#1673 = DIRECTION('',(0.,0.,1.));
#1674 = CYLINDRICAL_SURFACE('',#1675,6.);
#1675 = AXIS2_PLACEMENT_3D('',#1676,#1677,#1678);
#1676 = CARTESIAN_POINT('',(0.,0.,0.));
#1677 = DIRECTION('',(0.,-0.,-1.));
#1678 = DIRECTION('',(-1.,-1.224646799147E-16,0.));
#1679 = ADVANCED_FACE('',(#1680),#1699,.F.);
#1680 = FACE_BOUND('',#1681,.T.);
#1681 = EDGE_LOOP('',(#1682,#1683,#1691,#1698));
#1682 = ORIENTED_EDGE('',*,*,#389,.T.);
#1683 = ORIENTED_EDGE('',*,*,#1684,.T.);
#1684 = EDGE_CURVE('',#390,#1685,#1687,.T.);
#1685 = VERTEX_POINT('',#1686);
#1686 = CARTESIAN_POINT('',(-6.324555320337,2.,8.));
#1687 = LINE('',#1688,#1689);
#1688 = CARTESIAN_POINT('',(-6.324555320337,2.,0.));
#1689 = VECTOR('',#1690,1.);
#1690 = DIRECTION('',(0.,0.,1.));
#1691 = ORIENTED_EDGE('',*,*,#1692,.F.);
#1692 = EDGE_CURVE('',#1653,#1685,#1693,.T.);
#1693 = CIRCLE('',#1694,1.);
#1694 = AXIS2_PLACEMENT_3D('',#1695,#1696,#1697);
#1695 = CARTESIAN_POINT('',(-6.324555320337,3.,8.));
#1696 = DIRECTION('',(-0.,-0.,-1.));
#1697 = DIRECTION('',(0.,-1.,0.));
#1698 = ORIENTED_EDGE('',*,*,#1652,.F.);
#1699 = CYLINDRICAL_SURFACE('',#1700,1.);
#1700 = AXIS2_PLACEMENT_3D('',#1701,#1702,#1703);
#1701 = CARTESIAN_POINT('',(-6.324555320337,3.,0.));
#1702 = DIRECTION('',(0.,0.,1.));
#1703 = DIRECTION('',(0.903507902905,-0.428571428571,0.));
#1704 = ADVANCED_FACE('',(#1705),#1724,.F.);
#1705 = FACE_BOUND('',#1706,.F.);
#1706 = EDGE_LOOP('',(#1707,#1708,#1716,#1723));
#1707 = ORIENTED_EDGE('',*,*,#457,.T.);
#1708 = ORIENTED_EDGE('',*,*,#1709,.T.);
#1709 = EDGE_CURVE('',#450,#1710,#1712,.T.);
#1710 = VERTEX_POINT('',#1711);
#1711 = CARTESIAN_POINT('',(-2.,6.324555320337,8.));
#1712 = LINE('',#1713,#1714);
#1713 = CARTESIAN_POINT('',(-2.,6.324555320337,0.));
#1714 = VECTOR('',#1715,1.);
#1715 = DIRECTION('',(0.,0.,1.));
#1716 = ORIENTED_EDGE('',*,*,#1717,.F.);
#1717 = EDGE_CURVE('',#1661,#1710,#1718,.T.);
#1718 = CIRCLE('',#1719,1.);
#1719 = AXIS2_PLACEMENT_3D('',#1720,#1721,#1722);
#1720 = CARTESIAN_POINT('',(-3.,6.324555320337,8.));
#1721 = DIRECTION('',(-0.,0.,1.));
#1722 = DIRECTION('',(0.,-1.,0.));
#1723 = ORIENTED_EDGE('',*,*,#1669,.F.);
#1724 = CYLINDRICAL_SURFACE('',#1725,1.);
#1725 = AXIS2_PLACEMENT_3D('',#1726,#1727,#1728);
#1726 = CARTESIAN_POINT('',(-3.,6.324555320337,0.));
#1727 = DIRECTION('',(0.,0.,1.));
#1728 = DIRECTION('',(0.428571428571,-0.903507902905,0.));
#1729 = ADVANCED_FACE('',(#1730),#1748,.T.);
#1730 = FACE_BOUND('',#1731,.T.);
#1731 = EDGE_LOOP('',(#1732,#1733,#1741,#1747));
#1732 = ORIENTED_EDGE('',*,*,#398,.F.);
#1733 = ORIENTED_EDGE('',*,*,#1734,.T.);
#1734 = EDGE_CURVE('',#399,#1735,#1737,.T.);
#1735 = VERTEX_POINT('',#1736);
#1736 = CARTESIAN_POINT('',(-12.,2.,8.));
#1737 = LINE('',#1738,#1739);
#1738 = CARTESIAN_POINT('',(-12.,2.,0.));
#1739 = VECTOR('',#1740,1.);
#1740 = DIRECTION('',(0.,0.,1.));
#1741 = ORIENTED_EDGE('',*,*,#1742,.T.);
#1742 = EDGE_CURVE('',#1735,#1685,#1743,.T.);
#1743 = LINE('',#1744,#1745);
#1744 = CARTESIAN_POINT('',(-13.,2.,8.));
#1745 = VECTOR('',#1746,1.);
#1746 = DIRECTION('',(1.,1.224646799147E-16,0.));
#1747 = ORIENTED_EDGE('',*,*,#1684,.F.);
#1748 = PLANE('',#1749);
#1749 = AXIS2_PLACEMENT_3D('',#1750,#1751,#1752);
#1750 = CARTESIAN_POINT('',(-13.,2.,0.));
#1751 = DIRECTION('',(-1.224646799147E-16,1.,0.));
#1752 = DIRECTION('',(1.,1.224646799147E-16,0.));
#1753 = ADVANCED_FACE('',(#1754),#1772,.F.);
#1754 = FACE_BOUND('',#1755,.F.);
#1755 = EDGE_LOOP('',(#1756,#1757,#1765,#1771));
#1756 = ORIENTED_EDGE('',*,*,#449,.F.);
#1757 = ORIENTED_EDGE('',*,*,#1758,.T.);
#1758 = EDGE_CURVE('',#441,#1759,#1761,.T.);
#1759 = VERTEX_POINT('',#1760);
#1760 = CARTESIAN_POINT('',(-2.,12.,8.));
#1761 = LINE('',#1762,#1763);
#1762 = CARTESIAN_POINT('',(-2.,12.,0.));
#1763 = VECTOR('',#1764,1.);
#1764 = DIRECTION('',(0.,0.,1.));
#1765 = ORIENTED_EDGE('',*,*,#1766,.T.);
#1766 = EDGE_CURVE('',#1759,#1710,#1767,.T.);
#1767 = LINE('',#1768,#1769);
#1768 = CARTESIAN_POINT('',(-2.,13.,8.));
#1769 = VECTOR('',#1770,1.);
#1770 = DIRECTION('',(1.224646799147E-16,-1.,0.));
#1771 = ORIENTED_EDGE('',*,*,#1709,.F.);
#1772 = PLANE('',#1773);
#1773 = AXIS2_PLACEMENT_3D('',#1774,#1775,#1776);
#1774 = CARTESIAN_POINT('',(-2.,13.,0.));
#1775 = DIRECTION('',(1.,1.224646799147E-16,0.));
#1776 = DIRECTION('',(1.224646799147E-16,-1.,0.));
#1777 = ADVANCED_FACE('',(#1778),#1797,.F.);
#1778 = FACE_BOUND('',#1779,.F.);
#1779 = EDGE_LOOP('',(#1780,#1781,#1782,#1791));
#1780 = ORIENTED_EDGE('',*,*,#406,.T.);
#1781 = ORIENTED_EDGE('',*,*,#1734,.T.);
#1782 = ORIENTED_EDGE('',*,*,#1783,.F.);
#1783 = EDGE_CURVE('',#1784,#1735,#1786,.T.);
#1784 = VERTEX_POINT('',#1785);
#1785 = CARTESIAN_POINT('',(-13.,3.,8.));
#1786 = CIRCLE('',#1787,1.);
#1787 = AXIS2_PLACEMENT_3D('',#1788,#1789,#1790);
#1788 = CARTESIAN_POINT('',(-12.,3.,8.));
#1789 = DIRECTION('',(-0.,0.,1.));
#1790 = DIRECTION('',(0.,-1.,0.));
#1791 = ORIENTED_EDGE('',*,*,#1792,.F.);
#1792 = EDGE_CURVE('',#407,#1784,#1793,.T.);
#1793 = LINE('',#1794,#1795);
#1794 = CARTESIAN_POINT('',(-13.,3.,0.));
#1795 = VECTOR('',#1796,1.);
#1796 = DIRECTION('',(0.,0.,1.));
#1797 = CYLINDRICAL_SURFACE('',#1798,1.);
#1798 = AXIS2_PLACEMENT_3D('',#1799,#1800,#1801);
#1799 = CARTESIAN_POINT('',(-12.,3.,0.));
#1800 = DIRECTION('',(0.,0.,1.));
#1801 = DIRECTION('',(-1.,-1.224646799147E-16,0.));
#1802 = ADVANCED_FACE('',(#1803),#1822,.F.);
#1803 = FACE_BOUND('',#1804,.F.);
#1804 = EDGE_LOOP('',(#1805,#1806,#1814,#1821));
#1805 = ORIENTED_EDGE('',*,*,#440,.T.);
#1806 = ORIENTED_EDGE('',*,*,#1807,.T.);
#1807 = EDGE_CURVE('',#433,#1808,#1810,.T.);
#1808 = VERTEX_POINT('',#1809);
#1809 = CARTESIAN_POINT('',(-3.,13.,8.));
#1810 = LINE('',#1811,#1812);
#1811 = CARTESIAN_POINT('',(-3.,13.,0.));
#1812 = VECTOR('',#1813,1.);
#1813 = DIRECTION('',(0.,0.,1.));
#1814 = ORIENTED_EDGE('',*,*,#1815,.F.);
#1815 = EDGE_CURVE('',#1759,#1808,#1816,.T.);
#1816 = CIRCLE('',#1817,1.);
#1817 = AXIS2_PLACEMENT_3D('',#1818,#1819,#1820);
#1818 = CARTESIAN_POINT('',(-3.,12.,8.));
#1819 = DIRECTION('',(-0.,0.,1.));
#1820 = DIRECTION('',(0.,-1.,0.));
#1821 = ORIENTED_EDGE('',*,*,#1758,.F.);
#1822 = CYLINDRICAL_SURFACE('',#1823,1.);
#1823 = AXIS2_PLACEMENT_3D('',#1824,#1825,#1826);
#1824 = CARTESIAN_POINT('',(-3.,12.,0.));
#1825 = DIRECTION('',(0.,0.,1.));
#1826 = DIRECTION('',(1.,1.224646799147E-16,0.));
#1827 = ADVANCED_FACE('',(#1828),#1846,.T.);
#1828 = FACE_BOUND('',#1829,.T.);
#1829 = EDGE_LOOP('',(#1830,#1831,#1839,#1845));
#1830 = ORIENTED_EDGE('',*,*,#415,.F.);
#1831 = ORIENTED_EDGE('',*,*,#1832,.T.);
#1832 = EDGE_CURVE('',#416,#1833,#1835,.T.);
#1833 = VERTEX_POINT('',#1834);
#1834 = CARTESIAN_POINT('',(-13.,12.,8.));
#1835 = LINE('',#1836,#1837);
#1836 = CARTESIAN_POINT('',(-13.,12.,0.));
#1837 = VECTOR('',#1838,1.);
#1838 = DIRECTION('',(0.,0.,1.));
#1839 = ORIENTED_EDGE('',*,*,#1840,.T.);
#1840 = EDGE_CURVE('',#1833,#1784,#1841,.T.);
#1841 = LINE('',#1842,#1843);
#1842 = CARTESIAN_POINT('',(-13.,13.,8.));
#1843 = VECTOR('',#1844,1.);
#1844 = DIRECTION('',(1.224646799147E-16,-1.,0.));
#1845 = ORIENTED_EDGE('',*,*,#1792,.F.);
#1846 = PLANE('',#1847);
#1847 = AXIS2_PLACEMENT_3D('',#1848,#1849,#1850);
#1848 = CARTESIAN_POINT('',(-13.,13.,0.));
#1849 = DIRECTION('',(1.,1.224646799147E-16,0.));
#1850 = DIRECTION('',(1.224646799147E-16,-1.,0.));
#1851 = ADVANCED_FACE('',(#1852),#1870,.T.);
#1852 = FACE_BOUND('',#1853,.T.);
#1853 = EDGE_LOOP('',(#1854,#1855,#1856,#1864));
#1854 = ORIENTED_EDGE('',*,*,#432,.F.);
#1855 = ORIENTED_EDGE('',*,*,#1807,.T.);
#1856 = ORIENTED_EDGE('',*,*,#1857,.T.);
#1857 = EDGE_CURVE('',#1808,#1858,#1860,.T.);
#1858 = VERTEX_POINT('',#1859);
#1859 = CARTESIAN_POINT('',(-12.,13.,8.));
#1860 = LINE('',#1861,#1862);
#1861 = CARTESIAN_POINT('',(-2.,13.,8.));
#1862 = VECTOR('',#1863,1.);
#1863 = DIRECTION('',(-1.,-1.224646799147E-16,0.));
#1864 = ORIENTED_EDGE('',*,*,#1865,.F.);
#1865 = EDGE_CURVE('',#424,#1858,#1866,.T.);
#1866 = LINE('',#1867,#1868);
#1867 = CARTESIAN_POINT('',(-12.,13.,0.));
#1868 = VECTOR('',#1869,1.);
#1869 = DIRECTION('',(0.,0.,1.));
#1870 = PLANE('',#1871);
#1871 = AXIS2_PLACEMENT_3D('',#1872,#1873,#1874);
#1872 = CARTESIAN_POINT('',(-2.,13.,0.));
#1873 = DIRECTION('',(1.224646799147E-16,-1.,0.));
#1874 = DIRECTION('',(-1.,-1.224646799147E-16,0.));
#1875 = ADVANCED_FACE('',(#1876),#1888,.F.);
#1876 = FACE_BOUND('',#1877,.F.);
#1877 = EDGE_LOOP('',(#1878,#1879,#1880,#1887));
#1878 = ORIENTED_EDGE('',*,*,#423,.T.);
#1879 = ORIENTED_EDGE('',*,*,#1832,.T.);
#1880 = ORIENTED_EDGE('',*,*,#1881,.F.);
#1881 = EDGE_CURVE('',#1858,#1833,#1882,.T.);
#1882 = CIRCLE('',#1883,1.);
#1883 = AXIS2_PLACEMENT_3D('',#1884,#1885,#1886);
#1884 = CARTESIAN_POINT('',(-12.,12.,8.));
#1885 = DIRECTION('',(-0.,0.,1.));
#1886 = DIRECTION('',(0.,-1.,0.));
#1887 = ORIENTED_EDGE('',*,*,#1865,.F.);
#1888 = CYLINDRICAL_SURFACE('',#1889,1.);
#1889 = AXIS2_PLACEMENT_3D('',#1890,#1891,#1892);
#1890 = CARTESIAN_POINT('',(-12.,12.,0.));
#1891 = DIRECTION('',(0.,0.,1.));
#1892 = DIRECTION('',(-1.224646799147E-16,1.,0.));
#1893 = ADVANCED_FACE('',(#1894),#1920,.T.);
#1894 = FACE_BOUND('',#1895,.T.);
#1895 = EDGE_LOOP('',(#1896,#1897,#1905,#1914));
#1896 = ORIENTED_EDGE('',*,*,#466,.F.);
#1897 = ORIENTED_EDGE('',*,*,#1898,.T.);
#1898 = EDGE_CURVE('',#467,#1899,#1901,.T.);
#1899 = VERTEX_POINT('',#1900);
#1900 = CARTESIAN_POINT('',(2.571428571429,5.421047417432,8.));
#1901 = LINE('',#1902,#1903);
#1902 = CARTESIAN_POINT('',(2.571428571429,5.421047417432,0.));
#1903 = VECTOR('',#1904,1.);
#1904 = DIRECTION('',(0.,0.,1.));
#1905 = ORIENTED_EDGE('',*,*,#1906,.T.);
#1906 = EDGE_CURVE('',#1899,#1907,#1909,.T.);
#1907 = VERTEX_POINT('',#1908);
#1908 = CARTESIAN_POINT('',(5.421047417432,2.571428571429,8.));
#1909 = CIRCLE('',#1910,6.);
#1910 = AXIS2_PLACEMENT_3D('',#1911,#1912,#1913);
#1911 = CARTESIAN_POINT('',(0.,0.,8.));
#1912 = DIRECTION('',(0.,0.,-1.));
#1913 = DIRECTION('',(-2.22044604925E-16,1.,0.));
#1914 = ORIENTED_EDGE('',*,*,#1915,.F.);
#1915 = EDGE_CURVE('',#469,#1907,#1916,.T.);
#1916 = LINE('',#1917,#1918);
#1917 = CARTESIAN_POINT('',(5.421047417432,2.571428571429,0.));
#1918 = VECTOR('',#1919,1.);
#1919 = DIRECTION('',(0.,0.,1.));
#1920 = CYLINDRICAL_SURFACE('',#1921,6.);
#1921 = AXIS2_PLACEMENT_3D('',#1922,#1923,#1924);
#1922 = CARTESIAN_POINT('',(0.,0.,0.));
#1923 = DIRECTION('',(-0.,0.,-1.));
#1924 = DIRECTION('',(-2.22044604925E-16,1.,0.));
#1925 = ADVANCED_FACE('',(#1926),#1945,.F.);
#1926 = FACE_BOUND('',#1927,.T.);
#1927 = EDGE_LOOP('',(#1928,#1929,#1937,#1944));
#1928 = ORIENTED_EDGE('',*,*,#477,.T.);
#1929 = ORIENTED_EDGE('',*,*,#1930,.T.);
#1930 = EDGE_CURVE('',#478,#1931,#1933,.T.);
#1931 = VERTEX_POINT('',#1932);
#1932 = CARTESIAN_POINT('',(2.,6.324555320337,8.));
#1933 = LINE('',#1934,#1935);
#1934 = CARTESIAN_POINT('',(2.,6.324555320337,0.));
#1935 = VECTOR('',#1936,1.);
#1936 = DIRECTION('',(0.,0.,1.));
#1937 = ORIENTED_EDGE('',*,*,#1938,.F.);
#1938 = EDGE_CURVE('',#1899,#1931,#1939,.T.);
#1939 = CIRCLE('',#1940,1.);
#1940 = AXIS2_PLACEMENT_3D('',#1941,#1942,#1943);
#1941 = CARTESIAN_POINT('',(3.,6.324555320337,8.));
#1942 = DIRECTION('',(-0.,-0.,-1.));
#1943 = DIRECTION('',(0.,-1.,0.));
#1944 = ORIENTED_EDGE('',*,*,#1898,.F.);
#1945 = CYLINDRICAL_SURFACE('',#1946,1.);
#1946 = AXIS2_PLACEMENT_3D('',#1947,#1948,#1949);
#1947 = CARTESIAN_POINT('',(3.,6.324555320337,0.));
#1948 = DIRECTION('',(0.,0.,1.));
#1949 = DIRECTION('',(-0.428571428571,-0.903507902905,0.));
#1950 = ADVANCED_FACE('',(#1951),#1970,.F.);
#1951 = FACE_BOUND('',#1952,.F.);
#1952 = EDGE_LOOP('',(#1953,#1954,#1962,#1969));
#1953 = ORIENTED_EDGE('',*,*,#545,.T.);
#1954 = ORIENTED_EDGE('',*,*,#1955,.T.);
#1955 = EDGE_CURVE('',#538,#1956,#1958,.T.);
#1956 = VERTEX_POINT('',#1957);
#1957 = CARTESIAN_POINT('',(6.324555320337,2.,8.));
#1958 = LINE('',#1959,#1960);
#1959 = CARTESIAN_POINT('',(6.324555320337,2.,0.));
#1960 = VECTOR('',#1961,1.);
#1961 = DIRECTION('',(0.,0.,1.));
#1962 = ORIENTED_EDGE('',*,*,#1963,.F.);
#1963 = EDGE_CURVE('',#1907,#1956,#1964,.T.);
#1964 = CIRCLE('',#1965,1.);
#1965 = AXIS2_PLACEMENT_3D('',#1966,#1967,#1968);
#1966 = CARTESIAN_POINT('',(6.324555320337,3.,8.));
#1967 = DIRECTION('',(-0.,0.,1.));
#1968 = DIRECTION('',(0.,-1.,0.));
#1969 = ORIENTED_EDGE('',*,*,#1915,.F.);
#1970 = CYLINDRICAL_SURFACE('',#1971,1.);
#1971 = AXIS2_PLACEMENT_3D('',#1972,#1973,#1974);
#1972 = CARTESIAN_POINT('',(6.324555320337,3.,0.));
#1973 = DIRECTION('',(0.,0.,1.));
#1974 = DIRECTION('',(-0.903507902905,-0.428571428571,0.));
#1975 = ADVANCED_FACE('',(#1976),#1994,.T.);
#1976 = FACE_BOUND('',#1977,.T.);
#1977 = EDGE_LOOP('',(#1978,#1979,#1987,#1993));
#1978 = ORIENTED_EDGE('',*,*,#486,.F.);
#1979 = ORIENTED_EDGE('',*,*,#1980,.T.);
#1980 = EDGE_CURVE('',#487,#1981,#1983,.T.);
#1981 = VERTEX_POINT('',#1982);
#1982 = CARTESIAN_POINT('',(2.,12.,8.));
#1983 = LINE('',#1984,#1985);
#1984 = CARTESIAN_POINT('',(2.,12.,0.));
#1985 = VECTOR('',#1986,1.);
#1986 = DIRECTION('',(0.,0.,1.));
#1987 = ORIENTED_EDGE('',*,*,#1988,.T.);
#1988 = EDGE_CURVE('',#1981,#1931,#1989,.T.);
#1989 = LINE('',#1990,#1991);
#1990 = CARTESIAN_POINT('',(2.,13.,8.));
#1991 = VECTOR('',#1992,1.);
#1992 = DIRECTION('',(2.22044604925E-16,-1.,0.));
#1993 = ORIENTED_EDGE('',*,*,#1930,.F.);
#1994 = PLANE('',#1995);
#1995 = AXIS2_PLACEMENT_3D('',#1996,#1997,#1998);
#1996 = CARTESIAN_POINT('',(2.,13.,0.));
#1997 = DIRECTION('',(1.,2.22044604925E-16,0.));
#1998 = DIRECTION('',(2.22044604925E-16,-1.,0.));
#1999 = ADVANCED_FACE('',(#2000),#2018,.F.);
#2000 = FACE_BOUND('',#2001,.F.);
#2001 = EDGE_LOOP('',(#2002,#2003,#2011,#2017));
#2002 = ORIENTED_EDGE('',*,*,#537,.F.);
#2003 = ORIENTED_EDGE('',*,*,#2004,.T.);
#2004 = EDGE_CURVE('',#529,#2005,#2007,.T.);
#2005 = VERTEX_POINT('',#2006);
#2006 = CARTESIAN_POINT('',(12.,2.,8.));
#2007 = LINE('',#2008,#2009);
#2008 = CARTESIAN_POINT('',(12.,2.,0.));
#2009 = VECTOR('',#2010,1.);
#2010 = DIRECTION('',(0.,0.,1.));
#2011 = ORIENTED_EDGE('',*,*,#2012,.T.);
#2012 = EDGE_CURVE('',#2005,#1956,#2013,.T.);
#2013 = LINE('',#2014,#2015);
#2014 = CARTESIAN_POINT('',(13.,2.,8.));
#2015 = VECTOR('',#2016,1.);
#2016 = DIRECTION('',(-1.,-2.22044604925E-16,0.));
#2017 = ORIENTED_EDGE('',*,*,#1955,.F.);
#2018 = PLANE('',#2019);
#2019 = AXIS2_PLACEMENT_3D('',#2020,#2021,#2022);
#2020 = CARTESIAN_POINT('',(13.,2.,0.));
#2021 = DIRECTION('',(2.22044604925E-16,-1.,0.));
#2022 = DIRECTION('',(-1.,-2.22044604925E-16,0.));
#2023 = ADVANCED_FACE('',(#2024),#2043,.F.);
#2024 = FACE_BOUND('',#2025,.F.);
#2025 = EDGE_LOOP('',(#2026,#2027,#2028,#2037));
#2026 = ORIENTED_EDGE('',*,*,#494,.T.);
#2027 = ORIENTED_EDGE('',*,*,#1980,.T.);
#2028 = ORIENTED_EDGE('',*,*,#2029,.F.);
#2029 = EDGE_CURVE('',#2030,#1981,#2032,.T.);
#2030 = VERTEX_POINT('',#2031);
#2031 = CARTESIAN_POINT('',(3.,13.,8.));
#2032 = CIRCLE('',#2033,1.);
#2033 = AXIS2_PLACEMENT_3D('',#2034,#2035,#2036);
#2034 = CARTESIAN_POINT('',(3.,12.,8.));
#2035 = DIRECTION('',(-0.,0.,1.));
#2036 = DIRECTION('',(0.,-1.,0.));
#2037 = ORIENTED_EDGE('',*,*,#2038,.F.);
#2038 = EDGE_CURVE('',#495,#2030,#2039,.T.);
#2039 = LINE('',#2040,#2041);
#2040 = CARTESIAN_POINT('',(3.,13.,0.));
#2041 = VECTOR('',#2042,1.);
#2042 = DIRECTION('',(0.,0.,1.));
#2043 = CYLINDRICAL_SURFACE('',#2044,1.);
#2044 = AXIS2_PLACEMENT_3D('',#2045,#2046,#2047);
#2045 = CARTESIAN_POINT('',(3.,12.,0.));
#2046 = DIRECTION('',(0.,0.,1.));
#2047 = DIRECTION('',(-2.22044604925E-16,1.,0.));
#2048 = ADVANCED_FACE('',(#2049),#2068,.F.);
#2049 = FACE_BOUND('',#2050,.F.);
#2050 = EDGE_LOOP('',(#2051,#2052,#2060,#2067));
#2051 = ORIENTED_EDGE('',*,*,#528,.T.);
#2052 = ORIENTED_EDGE('',*,*,#2053,.T.);
#2053 = EDGE_CURVE('',#521,#2054,#2056,.T.);
#2054 = VERTEX_POINT('',#2055);
#2055 = CARTESIAN_POINT('',(13.,3.,8.));
#2056 = LINE('',#2057,#2058);
#2057 = CARTESIAN_POINT('',(13.,3.,0.));
#2058 = VECTOR('',#2059,1.);
#2059 = DIRECTION('',(0.,0.,1.));
#2060 = ORIENTED_EDGE('',*,*,#2061,.F.);
#2061 = EDGE_CURVE('',#2005,#2054,#2062,.T.);
#2062 = CIRCLE('',#2063,1.);
#2063 = AXIS2_PLACEMENT_3D('',#2064,#2065,#2066);
#2064 = CARTESIAN_POINT('',(12.,3.,8.));
#2065 = DIRECTION('',(-0.,0.,1.));
#2066 = DIRECTION('',(0.,-1.,0.));
#2067 = ORIENTED_EDGE('',*,*,#2004,.F.);
#2068 = CYLINDRICAL_SURFACE('',#2069,1.);
#2069 = AXIS2_PLACEMENT_3D('',#2070,#2071,#2072);
#2070 = CARTESIAN_POINT('',(12.,3.,0.));
#2071 = DIRECTION('',(0.,0.,1.));
#2072 = DIRECTION('',(2.22044604925E-16,-1.,0.));
#2073 = ADVANCED_FACE('',(#2074),#2092,.T.);
#2074 = FACE_BOUND('',#2075,.T.);
#2075 = EDGE_LOOP('',(#2076,#2077,#2085,#2091));
#2076 = ORIENTED_EDGE('',*,*,#503,.F.);
#2077 = ORIENTED_EDGE('',*,*,#2078,.T.);
#2078 = EDGE_CURVE('',#504,#2079,#2081,.T.);
#2079 = VERTEX_POINT('',#2080);
#2080 = CARTESIAN_POINT('',(12.,13.,8.));
#2081 = LINE('',#2082,#2083);
#2082 = CARTESIAN_POINT('',(12.,13.,0.));
#2083 = VECTOR('',#2084,1.);
#2084 = DIRECTION('',(0.,0.,1.));
#2085 = ORIENTED_EDGE('',*,*,#2086,.T.);
#2086 = EDGE_CURVE('',#2079,#2030,#2087,.T.);
#2087 = LINE('',#2088,#2089);
#2088 = CARTESIAN_POINT('',(13.,13.,8.));
#2089 = VECTOR('',#2090,1.);
#2090 = DIRECTION('',(-1.,-2.22044604925E-16,0.));
#2091 = ORIENTED_EDGE('',*,*,#2038,.F.);
#2092 = PLANE('',#2093);
#2093 = AXIS2_PLACEMENT_3D('',#2094,#2095,#2096);
#2094 = CARTESIAN_POINT('',(13.,13.,0.));
#2095 = DIRECTION('',(2.22044604925E-16,-1.,0.));
#2096 = DIRECTION('',(-1.,-2.22044604925E-16,0.));
#2097 = ADVANCED_FACE('',(#2098),#2116,.T.);
#2098 = FACE_BOUND('',#2099,.T.);
#2099 = EDGE_LOOP('',(#2100,#2101,#2102,#2110));
#2100 = ORIENTED_EDGE('',*,*,#520,.F.);
#2101 = ORIENTED_EDGE('',*,*,#2053,.T.);
#2102 = ORIENTED_EDGE('',*,*,#2103,.T.);
#2103 = EDGE_CURVE('',#2054,#2104,#2106,.T.);
#2104 = VERTEX_POINT('',#2105);
#2105 = CARTESIAN_POINT('',(13.,12.,8.));
#2106 = LINE('',#2107,#2108);
#2107 = CARTESIAN_POINT('',(13.,2.,8.));
#2108 = VECTOR('',#2109,1.);
#2109 = DIRECTION('',(-2.22044604925E-16,1.,0.));
#2110 = ORIENTED_EDGE('',*,*,#2111,.F.);
#2111 = EDGE_CURVE('',#512,#2104,#2112,.T.);
#2112 = LINE('',#2113,#2114);
#2113 = CARTESIAN_POINT('',(13.,12.,0.));
#2114 = VECTOR('',#2115,1.);
#2115 = DIRECTION('',(0.,0.,1.));
#2116 = PLANE('',#2117);
#2117 = AXIS2_PLACEMENT_3D('',#2118,#2119,#2120);
#2118 = CARTESIAN_POINT('',(13.,2.,0.));
#2119 = DIRECTION('',(-1.,-2.22044604925E-16,0.));
#2120 = DIRECTION('',(-2.22044604925E-16,1.,0.));
#2121 = ADVANCED_FACE('',(#2122),#2134,.F.);
#2122 = FACE_BOUND('',#2123,.F.);
#2123 = EDGE_LOOP('',(#2124,#2125,#2126,#2133));
#2124 = ORIENTED_EDGE('',*,*,#511,.T.);
#2125 = ORIENTED_EDGE('',*,*,#2078,.T.);
#2126 = ORIENTED_EDGE('',*,*,#2127,.F.);
#2127 = EDGE_CURVE('',#2104,#2079,#2128,.T.);
#2128 = CIRCLE('',#2129,1.);
#2129 = AXIS2_PLACEMENT_3D('',#2130,#2131,#2132);
#2130 = CARTESIAN_POINT('',(12.,12.,8.));
#2131 = DIRECTION('',(-0.,0.,1.));
#2132 = DIRECTION('',(0.,-1.,0.));
#2133 = ORIENTED_EDGE('',*,*,#2111,.F.);
#2134 = CYLINDRICAL_SURFACE('',#2135,1.);
#2135 = AXIS2_PLACEMENT_3D('',#2136,#2137,#2138);
#2136 = CARTESIAN_POINT('',(12.,12.,0.));
#2137 = DIRECTION('',(0.,0.,1.));
#2138 = DIRECTION('',(1.,2.22044604925E-16,0.));
#2139 = ADVANCED_FACE('',(#2140),#2167,.T.);
#2140 = FACE_BOUND('',#2141,.F.);
#2141 = EDGE_LOOP('',(#2142,#2151,#2159,#2166));
#2142 = ORIENTED_EDGE('',*,*,#2143,.T.);
#2143 = EDGE_CURVE('',#562,#2144,#2146,.T.);
#2144 = VERTEX_POINT('',#2145);
#2145 = CARTESIAN_POINT('',(-6.65,-15.6,-16.));
#2146 = CIRCLE('',#2147,0.6);
#2147 = AXIS2_PLACEMENT_3D('',#2148,#2149,#2150);
#2148 = CARTESIAN_POINT('',(-6.65,-15.6,-15.4));
#2149 = DIRECTION('',(-1.,-0.,-0.));
#2150 = DIRECTION('',(0.,0.,-1.));
#2151 = ORIENTED_EDGE('',*,*,#2152,.T.);
#2152 = EDGE_CURVE('',#2144,#2153,#2155,.T.);
#2153 = VERTEX_POINT('',#2154);
#2154 = CARTESIAN_POINT('',(6.65,-15.6,-16.));
#2155 = LINE('',#2156,#2157);
#2156 = CARTESIAN_POINT('',(-7.25,-15.6,-16.));
#2157 = VECTOR('',#2158,1.);
#2158 = DIRECTION('',(1.,0.,0.));
#2159 = ORIENTED_EDGE('',*,*,#2160,.F.);
#2160 = EDGE_CURVE('',#570,#2153,#2161,.T.);
#2161 = CIRCLE('',#2162,0.6);
#2162 = AXIS2_PLACEMENT_3D('',#2163,#2164,#2165);
#2163 = CARTESIAN_POINT('',(6.65,-15.6,-15.4));
#2164 = DIRECTION('',(-1.,-0.,-0.));
#2165 = DIRECTION('',(0.,0.,-1.));
#2166 = ORIENTED_EDGE('',*,*,#569,.F.);
#2167 = CYLINDRICAL_SURFACE('',#2168,0.6);
#2168 = AXIS2_PLACEMENT_3D('',#2169,#2170,#2171);
#2169 = CARTESIAN_POINT('',(-7.25,-15.6,-15.4));
#2170 = DIRECTION('',(1.,0.,0.));
#2171 = DIRECTION('',(0.,1.,0.));
#2172 = ADVANCED_FACE('',(#2173),#2192,.F.);
#2173 = FACE_BOUND('',#2174,.F.);
#2174 = EDGE_LOOP('',(#2175,#2183,#2190,#2191));
#2175 = ORIENTED_EDGE('',*,*,#2176,.F.);
#2176 = EDGE_CURVE('',#2177,#586,#2179,.T.);
#2177 = VERTEX_POINT('',#2178);
#2178 = CARTESIAN_POINT('',(3.1,-22.,-9.));
#2179 = LINE('',#2180,#2181);
#2180 = CARTESIAN_POINT('',(3.1,-22.,-9.));
#2181 = VECTOR('',#2182,1.);
#2182 = DIRECTION('',(0.,1.,-2.22044604925E-16));
#2183 = ORIENTED_EDGE('',*,*,#2184,.F.);
#2184 = EDGE_CURVE('',#2177,#2177,#2185,.T.);
#2185 = CIRCLE('',#2186,3.1);
#2186 = AXIS2_PLACEMENT_3D('',#2187,#2188,#2189);
#2187 = CARTESIAN_POINT('',(0.,-22.,-9.));
#2188 = DIRECTION('',(0.,-1.,2.22044604925E-16));
#2189 = DIRECTION('',(1.,0.,0.));
#2190 = ORIENTED_EDGE('',*,*,#2176,.T.);
#2191 = ORIENTED_EDGE('',*,*,#585,.T.);
#2192 = CYLINDRICAL_SURFACE('',#2193,3.1);
#2193 = AXIS2_PLACEMENT_3D('',#2194,#2195,#2196);
#2194 = CARTESIAN_POINT('',(0.,-22.,-9.));
#2195 = DIRECTION('',(0.,-1.,2.22044604925E-16));
#2196 = DIRECTION('',(1.,0.,0.));
#2197 = ADVANCED_FACE('',(#2198),#2209,.T.);
#2198 = FACE_BOUND('',#2199,.F.);
#2199 = EDGE_LOOP('',(#2200,#2201,#2202));
#2200 = ORIENTED_EDGE('',*,*,#2143,.F.);
#2201 = ORIENTED_EDGE('',*,*,#602,.T.);
#2202 = ORIENTED_EDGE('',*,*,#2203,.F.);
#2203 = EDGE_CURVE('',#2144,#603,#2204,.T.);
#2204 = CIRCLE('',#2205,0.6);
#2205 = AXIS2_PLACEMENT_3D('',#2206,#2207,#2208);
#2206 = CARTESIAN_POINT('',(-6.65,-15.6,-15.4));
#2207 = DIRECTION('',(-0.,1.,0.));
#2208 = DIRECTION('',(0.,0.,-1.));
#2209 = SPHERICAL_SURFACE('',#2210,0.6);
#2210 = AXIS2_PLACEMENT_3D('',#2211,#2212,#2213);
#2211 = CARTESIAN_POINT('',(-6.65,-15.6,-15.4));
#2212 = DIRECTION('',(0.,-1.,0.));
#2213 = DIRECTION('',(0.,0.,-1.));
#2214 = ADVANCED_FACE('',(#2215),#2226,.T.);
#2215 = FACE_BOUND('',#2216,.T.);
#2216 = EDGE_LOOP('',(#2217,#2218,#2219));
#2217 = ORIENTED_EDGE('',*,*,#2160,.F.);
#2218 = ORIENTED_EDGE('',*,*,#627,.T.);
#2219 = ORIENTED_EDGE('',*,*,#2220,.F.);
#2220 = EDGE_CURVE('',#2153,#628,#2221,.T.);
#2221 = CIRCLE('',#2222,0.6);
#2222 = AXIS2_PLACEMENT_3D('',#2223,#2224,#2225);
#2223 = CARTESIAN_POINT('',(6.65,-15.6,-15.4));
#2224 = DIRECTION('',(0.,-1.,0.));
#2225 = DIRECTION('',(0.,0.,-1.));
#2226 = SPHERICAL_SURFACE('',#2227,0.6);
#2227 = AXIS2_PLACEMENT_3D('',#2228,#2229,#2230);
#2228 = CARTESIAN_POINT('',(6.65,-15.6,-15.4));
#2229 = DIRECTION('',(0.,-1.,0.));
#2230 = DIRECTION('',(0.,0.,-1.));
#2231 = ADVANCED_FACE('',(#2232),#2266,.F.);
#2232 = FACE_BOUND('',#2233,.F.);
#2233 = EDGE_LOOP('',(#2234,#2244,#2251,#2252,#2258,#2259));
#2234 = ORIENTED_EDGE('',*,*,#2235,.F.);
#2235 = EDGE_CURVE('',#2236,#2238,#2240,.T.);
#2236 = VERTEX_POINT('',#2237);
#2237 = CARTESIAN_POINT('',(-6.65,-22.,0.));
#2238 = VERTEX_POINT('',#2239);
#2239 = CARTESIAN_POINT('',(6.65,-22.,0.));
#2240 = LINE('',#2241,#2242);
#2241 = CARTESIAN_POINT('',(-7.25,-22.,0.));
#2242 = VECTOR('',#2243,1.);
#2243 = DIRECTION('',(1.,0.,0.));
#2244 = ORIENTED_EDGE('',*,*,#2245,.F.);
#2245 = EDGE_CURVE('',#655,#2236,#2246,.T.);
#2246 = ELLIPSE('',#2247,1.496935645421,0.6);
#2247 = AXIS2_PLACEMENT_3D('',#2248,#2249,#2250);
#2248 = CARTESIAN_POINT('',(-6.65,-21.4,1.371428571429));
#2249 = DIRECTION('',(0.,-0.916157334902,0.40081883402));
#2250 = DIRECTION('',(0.,-0.40081883402,-0.916157334902));
#2251 = ORIENTED_EDGE('',*,*,#652,.F.);
#2252 = ORIENTED_EDGE('',*,*,#2253,.T.);
#2253 = EDGE_CURVE('',#653,#693,#2254,.T.);
#2254 = LINE('',#2255,#2256);
#2255 = CARTESIAN_POINT('',(-15.,-15.,16.));
#2256 = VECTOR('',#2257,1.);
#2257 = DIRECTION('',(1.,0.,0.));
#2258 = ORIENTED_EDGE('',*,*,#692,.T.);
#2259 = ORIENTED_EDGE('',*,*,#2260,.T.);
#2260 = EDGE_CURVE('',#695,#2238,#2261,.T.);
#2261 = ELLIPSE('',#2262,1.496935645421,0.6);
#2262 = AXIS2_PLACEMENT_3D('',#2263,#2264,#2265);
#2263 = CARTESIAN_POINT('',(6.65,-21.4,1.371428571429));
#2264 = DIRECTION('',(0.,0.916157334902,-0.40081883402));
#2265 = DIRECTION('',(0.,-0.40081883402,-0.916157334902));
#2266 = PLANE('',#2267);
#2267 = AXIS2_PLACEMENT_3D('',#2268,#2269,#2270);
#2268 = CARTESIAN_POINT('',(-7.25,-15.,16.));
#2269 = DIRECTION('',(0.,0.916157334902,-0.40081883402));
#2270 = DIRECTION('',(0.,-0.40081883402,-0.916157334902));
#2271 = ADVANCED_FACE('',(#2272),#2291,.T.);
#2272 = FACE_BOUND('',#2273,.F.);
#2273 = EDGE_LOOP('',(#2274,#2275,#2283,#2290));
#2274 = ORIENTED_EDGE('',*,*,#2245,.T.);
#2275 = ORIENTED_EDGE('',*,*,#2276,.T.);
#2276 = EDGE_CURVE('',#2236,#2277,#2279,.T.);
#2277 = VERTEX_POINT('',#2278);
#2278 = CARTESIAN_POINT('',(-6.65,-22.,-15.4));
#2279 = LINE('',#2280,#2281);
#2280 = CARTESIAN_POINT('',(-6.65,-22.,0.));
#2281 = VECTOR('',#2282,1.);
#2282 = DIRECTION('',(0.,0.,-1.));
#2283 = ORIENTED_EDGE('',*,*,#2284,.T.);
#2284 = EDGE_CURVE('',#2277,#663,#2285,.T.);
#2285 = CIRCLE('',#2286,0.6);
#2286 = AXIS2_PLACEMENT_3D('',#2287,#2288,#2289);
#2287 = CARTESIAN_POINT('',(-6.65,-21.4,-15.4));
#2288 = DIRECTION('',(6.123233995737E-17,0.,-1.));
#2289 = DIRECTION('',(-1.,0.,-6.123233995737E-17));
#2290 = ORIENTED_EDGE('',*,*,#662,.F.);
#2291 = CYLINDRICAL_SURFACE('',#2292,0.6);
#2292 = AXIS2_PLACEMENT_3D('',#2293,#2294,#2295);
#2293 = CARTESIAN_POINT('',(-6.65,-21.4,0.));
#2294 = DIRECTION('',(0.,0.,-1.));
#2295 = DIRECTION('',(-1.,-0.,-0.));
#2296 = ADVANCED_FACE('',(#2297),#2316,.T.);
#2297 = FACE_BOUND('',#2298,.F.);
#2298 = EDGE_LOOP('',(#2299,#2300,#2309,#2315));
#2299 = ORIENTED_EDGE('',*,*,#670,.F.);
#2300 = ORIENTED_EDGE('',*,*,#2301,.F.);
#2301 = EDGE_CURVE('',#2302,#663,#2304,.T.);
#2302 = VERTEX_POINT('',#2303);
#2303 = CARTESIAN_POINT('',(-6.65,-21.4,-16.));
#2304 = CIRCLE('',#2305,0.6);
#2305 = AXIS2_PLACEMENT_3D('',#2306,#2307,#2308);
#2306 = CARTESIAN_POINT('',(-6.65,-21.4,-15.4));
#2307 = DIRECTION('',(0.,1.,0.));
#2308 = DIRECTION('',(0.,0.,-1.));
#2309 = ORIENTED_EDGE('',*,*,#2310,.T.);
#2310 = EDGE_CURVE('',#2302,#2144,#2311,.T.);
#2311 = LINE('',#2312,#2313);
#2312 = CARTESIAN_POINT('',(-6.65,-22.,-16.));
#2313 = VECTOR('',#2314,1.);
#2314 = DIRECTION('',(0.,1.,0.));
#2315 = ORIENTED_EDGE('',*,*,#2203,.T.);
#2316 = CYLINDRICAL_SURFACE('',#2317,0.6);
#2317 = AXIS2_PLACEMENT_3D('',#2318,#2319,#2320);
#2318 = CARTESIAN_POINT('',(-6.65,-22.,-15.4));
#2319 = DIRECTION('',(0.,1.,0.));
#2320 = DIRECTION('',(-1.,0.,0.));
#2321 = ADVANCED_FACE('',(#2322),#2341,.T.);
#2322 = FACE_BOUND('',#2323,.T.);
#2323 = EDGE_LOOP('',(#2324,#2325,#2333,#2340));
#2324 = ORIENTED_EDGE('',*,*,#2260,.T.);
#2325 = ORIENTED_EDGE('',*,*,#2326,.T.);
#2326 = EDGE_CURVE('',#2238,#2327,#2329,.T.);
#2327 = VERTEX_POINT('',#2328);
#2328 = CARTESIAN_POINT('',(6.65,-22.,-15.4));
#2329 = LINE('',#2330,#2331);
#2330 = CARTESIAN_POINT('',(6.65,-22.,0.));
#2331 = VECTOR('',#2332,1.);
#2332 = DIRECTION('',(0.,0.,-1.));
#2333 = ORIENTED_EDGE('',*,*,#2334,.T.);
#2334 = EDGE_CURVE('',#2327,#703,#2335,.T.);
#2335 = CIRCLE('',#2336,0.6);
#2336 = AXIS2_PLACEMENT_3D('',#2337,#2338,#2339);
#2337 = CARTESIAN_POINT('',(6.65,-21.4,-15.4));
#2338 = DIRECTION('',(6.123233995737E-17,-0.,1.));
#2339 = DIRECTION('',(1.,0.,-6.123233995737E-17));
#2340 = ORIENTED_EDGE('',*,*,#702,.F.);
#2341 = CYLINDRICAL_SURFACE('',#2342,0.6);
#2342 = AXIS2_PLACEMENT_3D('',#2343,#2344,#2345);
#2343 = CARTESIAN_POINT('',(6.65,-21.4,0.));
#2344 = DIRECTION('',(0.,0.,-1.));
#2345 = DIRECTION('',(1.,0.,0.));
#2346 = ADVANCED_FACE('',(#2347),#2366,.T.);
#2347 = FACE_BOUND('',#2348,.F.);
#2348 = EDGE_LOOP('',(#2349,#2357,#2364,#2365));
#2349 = ORIENTED_EDGE('',*,*,#2350,.F.);
#2350 = EDGE_CURVE('',#2351,#2153,#2353,.T.);
#2351 = VERTEX_POINT('',#2352);
#2352 = CARTESIAN_POINT('',(6.65,-21.4,-16.));
#2353 = LINE('',#2354,#2355);
#2354 = CARTESIAN_POINT('',(6.65,-22.,-16.));
#2355 = VECTOR('',#2356,1.);
#2356 = DIRECTION('',(0.,1.,0.));
#2357 = ORIENTED_EDGE('',*,*,#2358,.T.);
#2358 = EDGE_CURVE('',#2351,#703,#2359,.T.);
#2359 = CIRCLE('',#2360,0.6);
#2360 = AXIS2_PLACEMENT_3D('',#2361,#2362,#2363);
#2361 = CARTESIAN_POINT('',(6.65,-21.4,-15.4));
#2362 = DIRECTION('',(0.,-1.,0.));
#2363 = DIRECTION('',(0.,0.,-1.));
#2364 = ORIENTED_EDGE('',*,*,#710,.T.);
#2365 = ORIENTED_EDGE('',*,*,#2220,.F.);
#2366 = CYLINDRICAL_SURFACE('',#2367,0.6);
#2367 = AXIS2_PLACEMENT_3D('',#2368,#2369,#2370);
#2368 = CARTESIAN_POINT('',(6.65,-22.,-15.4));
#2369 = DIRECTION('',(0.,1.,0.));
#2370 = DIRECTION('',(0.,0.,-1.));
#2371 = ADVANCED_FACE('',(#2372,#2391),#2402,.T.);
#2372 = FACE_BOUND('',#2373,.T.);
#2373 = EDGE_LOOP('',(#2374,#2375,#2376,#2377,#2378,#2379,#2380,#2381,
    #2387,#2388,#2389,#2390));
#2374 = ORIENTED_EDGE('',*,*,#839,.T.);
#2375 = ORIENTED_EDGE('',*,*,#782,.T.);
#2376 = ORIENTED_EDGE('',*,*,#741,.T.);
#2377 = ORIENTED_EDGE('',*,*,#2253,.T.);
#2378 = ORIENTED_EDGE('',*,*,#758,.T.);
#2379 = ORIENTED_EDGE('',*,*,#814,.T.);
#2380 = ORIENTED_EDGE('',*,*,#856,.T.);
#2381 = ORIENTED_EDGE('',*,*,#2382,.T.);
#2382 = EDGE_CURVE('',#857,#1054,#2383,.T.);
#2383 = LINE('',#2384,#2385);
#2384 = CARTESIAN_POINT('',(15.,-15.,16.));
#2385 = VECTOR('',#2386,1.);
#2386 = DIRECTION('',(0.,1.,0.));
#2387 = ORIENTED_EDGE('',*,*,#1061,.T.);
#2388 = ORIENTED_EDGE('',*,*,#1001,.F.);
#2389 = ORIENTED_EDGE('',*,*,#952,.T.);
#2390 = ORIENTED_EDGE('',*,*,#887,.F.);
#2391 = FACE_BOUND('',#2392,.T.);
#2392 = EDGE_LOOP('',(#2393));
#2393 = ORIENTED_EDGE('',*,*,#2394,.F.);
#2394 = EDGE_CURVE('',#2395,#2395,#2397,.T.);
#2395 = VERTEX_POINT('',#2396);
#2396 = CARTESIAN_POINT('',(7.,0.,16.));
#2397 = CIRCLE('',#2398,7.);
#2398 = AXIS2_PLACEMENT_3D('',#2399,#2400,#2401);
#2399 = CARTESIAN_POINT('',(0.,0.,16.));
#2400 = DIRECTION('',(0.,0.,1.));
#2401 = DIRECTION('',(1.,0.,0.));
#2402 = PLANE('',#2403);
#2403 = AXIS2_PLACEMENT_3D('',#2404,#2405,#2406);
#2404 = CARTESIAN_POINT('',(-1.894780628694E-15,4.736951571734E-16,16.)
  );
#2405 = DIRECTION('',(0.,0.,1.));
#2406 = DIRECTION('',(1.,0.,0.));
#2407 = ADVANCED_FACE('',(#2408),#2437,.T.);
#2408 = FACE_BOUND('',#2409,.T.);
#2409 = EDGE_LOOP('',(#2410,#2420,#2427,#2428,#2429,#2430));
#2410 = ORIENTED_EDGE('',*,*,#2411,.F.);
#2411 = EDGE_CURVE('',#2412,#2414,#2416,.T.);
#2412 = VERTEX_POINT('',#2413);
#2413 = CARTESIAN_POINT('',(22.,6.65,0.));
#2414 = VERTEX_POINT('',#2415);
#2415 = CARTESIAN_POINT('',(22.,-6.65,0.));
#2416 = LINE('',#2417,#2418);
#2417 = CARTESIAN_POINT('',(22.,7.25,0.));
#2418 = VECTOR('',#2419,1.);
#2419 = DIRECTION('',(0.,-1.,2.22044604925E-16));
#2420 = ORIENTED_EDGE('',*,*,#2421,.F.);
#2421 = EDGE_CURVE('',#1102,#2412,#2422,.T.);
#2422 = ELLIPSE('',#2423,1.496935645421,0.6);
#2423 = AXIS2_PLACEMENT_3D('',#2424,#2425,#2426);
#2424 = CARTESIAN_POINT('',(21.4,6.65,1.371428571429));
#2425 = DIRECTION('',(-0.916157334902,-8.899965964642E-17,-0.40081883402
    ));
#2426 = DIRECTION('',(0.40081883402,-2.034277934775E-16,-0.916157334902)
  );
#2427 = ORIENTED_EDGE('',*,*,#1101,.F.);
#2428 = ORIENTED_EDGE('',*,*,#2382,.F.);
#2429 = ORIENTED_EDGE('',*,*,#903,.T.);
#2430 = ORIENTED_EDGE('',*,*,#2431,.T.);
#2431 = EDGE_CURVE('',#904,#2414,#2432,.T.);
#2432 = ELLIPSE('',#2433,1.496935645421,0.6);
#2433 = AXIS2_PLACEMENT_3D('',#2434,#2435,#2436);
#2434 = CARTESIAN_POINT('',(21.4,-6.65,1.371428571429));
#2435 = DIRECTION('',(0.916157334902,8.899965964642E-17,0.40081883402));
#2436 = DIRECTION('',(0.40081883402,-2.034277934775E-16,-0.916157334902)
  );
#2437 = PLANE('',#2438);
#2438 = AXIS2_PLACEMENT_3D('',#2439,#2440,#2441);
#2439 = CARTESIAN_POINT('',(15.,7.25,16.));
#2440 = DIRECTION('',(0.916157334902,8.899965964642E-17,0.40081883402));
#2441 = DIRECTION('',(0.40081883402,-2.034277934775E-16,-0.916157334902)
  );
#2442 = ADVANCED_FACE('',(#2443),#2462,.T.);
#2443 = FACE_BOUND('',#2444,.F.);
#2444 = EDGE_LOOP('',(#2445,#2446,#2454,#2461));
#2445 = ORIENTED_EDGE('',*,*,#2431,.T.);
#2446 = ORIENTED_EDGE('',*,*,#2447,.T.);
#2447 = EDGE_CURVE('',#2414,#2448,#2450,.T.);
#2448 = VERTEX_POINT('',#2449);
#2449 = CARTESIAN_POINT('',(22.,-6.65,-15.4));
#2450 = LINE('',#2451,#2452);
#2451 = CARTESIAN_POINT('',(22.,-6.65,0.));
#2452 = VECTOR('',#2453,1.);
#2453 = DIRECTION('',(0.,-2.22044604925E-16,-1.));
#2454 = ORIENTED_EDGE('',*,*,#2455,.T.);
#2455 = EDGE_CURVE('',#2448,#912,#2456,.T.);
#2456 = CIRCLE('',#2457,0.6);
#2457 = AXIS2_PLACEMENT_3D('',#2458,#2459,#2460);
#2458 = CARTESIAN_POINT('',(21.4,-6.65,-15.4));
#2459 = DIRECTION('',(0.,6.123233995737E-17,-1.));
#2460 = DIRECTION('',(0.,-1.,-6.123233995737E-17));
#2461 = ORIENTED_EDGE('',*,*,#911,.F.);
#2462 = CYLINDRICAL_SURFACE('',#2463,0.6);
#2463 = AXIS2_PLACEMENT_3D('',#2464,#2465,#2466);
#2464 = CARTESIAN_POINT('',(21.4,-6.65,0.));
#2465 = DIRECTION('',(0.,-2.22044604925E-16,-1.));
#2466 = DIRECTION('',(0.,-1.,2.22044604925E-16));
#2467 = ADVANCED_FACE('',(#2468),#2495,.T.);
#2468 = FACE_BOUND('',#2469,.T.);
#2469 = EDGE_LOOP('',(#2470,#2480,#2487,#2488));
#2470 = ORIENTED_EDGE('',*,*,#2471,.F.);
#2471 = EDGE_CURVE('',#2472,#2474,#2476,.T.);
#2472 = VERTEX_POINT('',#2473);
#2473 = CARTESIAN_POINT('',(21.4,-6.65,-16.));
#2474 = VERTEX_POINT('',#2475);
#2475 = CARTESIAN_POINT('',(15.6,-6.65,-16.));
#2476 = LINE('',#2477,#2478);
#2477 = CARTESIAN_POINT('',(22.,-6.65,-16.));
#2478 = VECTOR('',#2479,1.);
#2479 = DIRECTION('',(-1.,0.,0.));
#2480 = ORIENTED_EDGE('',*,*,#2481,.T.);
#2481 = EDGE_CURVE('',#2472,#912,#2482,.T.);
#2482 = CIRCLE('',#2483,0.6);
#2483 = AXIS2_PLACEMENT_3D('',#2484,#2485,#2486);
#2484 = CARTESIAN_POINT('',(21.4,-6.65,-15.4));
#2485 = DIRECTION('',(-1.,-0.,-0.));
#2486 = DIRECTION('',(0.,0.,-1.));
#2487 = ORIENTED_EDGE('',*,*,#919,.T.);
#2488 = ORIENTED_EDGE('',*,*,#2489,.F.);
#2489 = EDGE_CURVE('',#2474,#920,#2490,.T.);
#2490 = CIRCLE('',#2491,0.6);
#2491 = AXIS2_PLACEMENT_3D('',#2492,#2493,#2494);
#2492 = CARTESIAN_POINT('',(15.6,-6.65,-15.4));
#2493 = DIRECTION('',(-1.,0.,0.));
#2494 = DIRECTION('',(0.,0.,-1.));
#2495 = CYLINDRICAL_SURFACE('',#2496,0.6);
#2496 = AXIS2_PLACEMENT_3D('',#2497,#2498,#2499);
#2497 = CARTESIAN_POINT('',(22.,-6.65,-15.4));
#2498 = DIRECTION('',(-1.,0.,0.));
#2499 = DIRECTION('',(-0.,-2.22044604925E-16,-1.));
#2500 = ADVANCED_FACE('',(#2501),#2512,.T.);
#2501 = FACE_BOUND('',#2502,.F.);
#2502 = EDGE_LOOP('',(#2503,#2510,#2511));
#2503 = ORIENTED_EDGE('',*,*,#2504,.F.);
#2504 = EDGE_CURVE('',#968,#2474,#2505,.T.);
#2505 = CIRCLE('',#2506,0.6);
#2506 = AXIS2_PLACEMENT_3D('',#2507,#2508,#2509);
#2507 = CARTESIAN_POINT('',(15.6,-6.65,-15.4));
#2508 = DIRECTION('',(0.,-1.,0.));
#2509 = DIRECTION('',(0.,0.,-1.));
#2510 = ORIENTED_EDGE('',*,*,#967,.T.);
#2511 = ORIENTED_EDGE('',*,*,#2489,.F.);
#2512 = SPHERICAL_SURFACE('',#2513,0.6);
#2513 = AXIS2_PLACEMENT_3D('',#2514,#2515,#2516);
#2514 = CARTESIAN_POINT('',(15.6,-6.65,-15.4));
#2515 = DIRECTION('',(1.,0.,0.));
#2516 = DIRECTION('',(0.,0.,-1.));
#2517 = ADVANCED_FACE('',(#2518),#2537,.T.);
#2518 = FACE_BOUND('',#2519,.T.);
#2519 = EDGE_LOOP('',(#2520,#2529,#2535,#2536));
#2520 = ORIENTED_EDGE('',*,*,#2521,.T.);
#2521 = EDGE_CURVE('',#1019,#2522,#2524,.T.);
#2522 = VERTEX_POINT('',#2523);
#2523 = CARTESIAN_POINT('',(15.6,6.65,-16.));
#2524 = CIRCLE('',#2525,0.6);
#2525 = AXIS2_PLACEMENT_3D('',#2526,#2527,#2528);
#2526 = CARTESIAN_POINT('',(15.6,6.65,-15.4));
#2527 = DIRECTION('',(0.,-1.,0.));
#2528 = DIRECTION('',(0.,0.,-1.));
#2529 = ORIENTED_EDGE('',*,*,#2530,.T.);
#2530 = EDGE_CURVE('',#2522,#2474,#2531,.T.);
#2531 = LINE('',#2532,#2533);
#2532 = CARTESIAN_POINT('',(15.6,7.25,-16.));
#2533 = VECTOR('',#2534,1.);
#2534 = DIRECTION('',(0.,-1.,2.22044604925E-16));
#2535 = ORIENTED_EDGE('',*,*,#2504,.F.);
#2536 = ORIENTED_EDGE('',*,*,#1026,.F.);
#2537 = CYLINDRICAL_SURFACE('',#2538,0.6);
#2538 = AXIS2_PLACEMENT_3D('',#2539,#2540,#2541);
#2539 = CARTESIAN_POINT('',(15.6,7.25,-15.4));
#2540 = DIRECTION('',(0.,-1.,2.22044604925E-16));
#2541 = DIRECTION('',(-1.,0.,0.));
#2542 = ADVANCED_FACE('',(#2543),#2562,.F.);
#2543 = FACE_BOUND('',#2544,.F.);
#2544 = EDGE_LOOP('',(#2545,#2553,#2560,#2561));
#2545 = ORIENTED_EDGE('',*,*,#2546,.F.);
#2546 = EDGE_CURVE('',#2547,#1036,#2549,.T.);
#2547 = VERTEX_POINT('',#2548);
#2548 = CARTESIAN_POINT('',(22.,3.1,-9.));
#2549 = LINE('',#2550,#2551);
#2550 = CARTESIAN_POINT('',(22.,3.1,-9.));
#2551 = VECTOR('',#2552,1.);
#2552 = DIRECTION('',(-1.,-0.,-0.));
#2553 = ORIENTED_EDGE('',*,*,#2554,.F.);
#2554 = EDGE_CURVE('',#2547,#2547,#2555,.T.);
#2555 = CIRCLE('',#2556,3.1);
#2556 = AXIS2_PLACEMENT_3D('',#2557,#2558,#2559);
#2557 = CARTESIAN_POINT('',(22.,0.,-9.));
#2558 = DIRECTION('',(1.,0.,0.));
#2559 = DIRECTION('',(0.,1.,0.));
#2560 = ORIENTED_EDGE('',*,*,#2546,.T.);
#2561 = ORIENTED_EDGE('',*,*,#1035,.T.);
#2562 = CYLINDRICAL_SURFACE('',#2563,3.1);
#2563 = AXIS2_PLACEMENT_3D('',#2564,#2565,#2566);
#2564 = CARTESIAN_POINT('',(22.,0.,-9.));
#2565 = DIRECTION('',(1.,0.,0.));
#2566 = DIRECTION('',(0.,1.,0.));
#2567 = ADVANCED_FACE('',(#2568),#2579,.T.);
#2568 = FACE_BOUND('',#2569,.T.);
#2569 = EDGE_LOOP('',(#2570,#2571,#2572));
#2570 = ORIENTED_EDGE('',*,*,#2521,.F.);
#2571 = ORIENTED_EDGE('',*,*,#1076,.T.);
#2572 = ORIENTED_EDGE('',*,*,#2573,.F.);
#2573 = EDGE_CURVE('',#2522,#1077,#2574,.T.);
#2574 = CIRCLE('',#2575,0.6);
#2575 = AXIS2_PLACEMENT_3D('',#2576,#2577,#2578);
#2576 = CARTESIAN_POINT('',(15.6,6.65,-15.4));
#2577 = DIRECTION('',(1.,-0.,0.));
#2578 = DIRECTION('',(0.,0.,-1.));
#2579 = SPHERICAL_SURFACE('',#2580,0.6);
#2580 = AXIS2_PLACEMENT_3D('',#2581,#2582,#2583);
#2581 = CARTESIAN_POINT('',(15.6,6.65,-15.4));
#2582 = DIRECTION('',(1.,0.,0.));
#2583 = DIRECTION('',(0.,0.,-1.));
#2584 = ADVANCED_FACE('',(#2585),#2604,.T.);
#2585 = FACE_BOUND('',#2586,.T.);
#2586 = EDGE_LOOP('',(#2587,#2588,#2596,#2603));
#2587 = ORIENTED_EDGE('',*,*,#2421,.T.);
#2588 = ORIENTED_EDGE('',*,*,#2589,.T.);
#2589 = EDGE_CURVE('',#2412,#2590,#2592,.T.);
#2590 = VERTEX_POINT('',#2591);
#2591 = CARTESIAN_POINT('',(22.,6.65,-15.4));
#2592 = LINE('',#2593,#2594);
#2593 = CARTESIAN_POINT('',(22.,6.65,0.));
#2594 = VECTOR('',#2595,1.);
#2595 = DIRECTION('',(0.,-2.22044604925E-16,-1.));
#2596 = ORIENTED_EDGE('',*,*,#2597,.T.);
#2597 = EDGE_CURVE('',#2590,#1110,#2598,.T.);
#2598 = CIRCLE('',#2599,0.6);
#2599 = AXIS2_PLACEMENT_3D('',#2600,#2601,#2602);
#2600 = CARTESIAN_POINT('',(21.4,6.65,-15.4));
#2601 = DIRECTION('',(0.,6.123233995737E-17,1.));
#2602 = DIRECTION('',(0.,1.,-6.123233995737E-17));
#2603 = ORIENTED_EDGE('',*,*,#1109,.F.);
#2604 = CYLINDRICAL_SURFACE('',#2605,0.6);
#2605 = AXIS2_PLACEMENT_3D('',#2606,#2607,#2608);
#2606 = CARTESIAN_POINT('',(21.4,6.65,0.));
#2607 = DIRECTION('',(0.,-2.22044604925E-16,-1.));
#2608 = DIRECTION('',(0.,1.,-2.22044604925E-16));
#2609 = ADVANCED_FACE('',(#2610),#2629,.T.);
#2610 = FACE_BOUND('',#2611,.T.);
#2611 = EDGE_LOOP('',(#2612,#2613,#2622,#2628));
#2612 = ORIENTED_EDGE('',*,*,#1117,.F.);
#2613 = ORIENTED_EDGE('',*,*,#2614,.F.);
#2614 = EDGE_CURVE('',#2615,#1110,#2617,.T.);
#2615 = VERTEX_POINT('',#2616);
#2616 = CARTESIAN_POINT('',(21.4,6.65,-16.));
#2617 = CIRCLE('',#2618,0.6);
#2618 = AXIS2_PLACEMENT_3D('',#2619,#2620,#2621);
#2619 = CARTESIAN_POINT('',(21.4,6.65,-15.4));
#2620 = DIRECTION('',(1.,-0.,0.));
#2621 = DIRECTION('',(0.,0.,-1.));
#2622 = ORIENTED_EDGE('',*,*,#2623,.T.);
#2623 = EDGE_CURVE('',#2615,#2522,#2624,.T.);
#2624 = LINE('',#2625,#2626);
#2625 = CARTESIAN_POINT('',(22.,6.65,-16.));
#2626 = VECTOR('',#2627,1.);
#2627 = DIRECTION('',(-1.,0.,0.));
#2628 = ORIENTED_EDGE('',*,*,#2573,.T.);
#2629 = CYLINDRICAL_SURFACE('',#2630,0.6);
#2630 = AXIS2_PLACEMENT_3D('',#2631,#2632,#2633);
#2631 = CARTESIAN_POINT('',(22.,6.65,-15.4));
#2632 = DIRECTION('',(-1.,0.,0.));
#2633 = DIRECTION('',(0.,1.,0.));
#2634 = ADVANCED_FACE('',(#2635),#2647,.F.);
#2635 = FACE_BOUND('',#2636,.F.);
#2636 = EDGE_LOOP('',(#2637,#2638,#2639,#2640,#2641,#2642,#2643,#2644,
    #2645,#2646));
#2637 = ORIENTED_EDGE('',*,*,#1143,.T.);
#2638 = ORIENTED_EDGE('',*,*,#1200,.T.);
#2639 = ORIENTED_EDGE('',*,*,#1249,.F.);
#2640 = ORIENTED_EDGE('',*,*,#1298,.T.);
#2641 = ORIENTED_EDGE('',*,*,#1340,.T.);
#2642 = ORIENTED_EDGE('',*,*,#1364,.T.);
#2643 = ORIENTED_EDGE('',*,*,#1323,.T.);
#2644 = ORIENTED_EDGE('',*,*,#1266,.T.);
#2645 = ORIENTED_EDGE('',*,*,#1225,.T.);
#2646 = ORIENTED_EDGE('',*,*,#1175,.F.);
#2647 = PLANE('',#2648);
#2648 = AXIS2_PLACEMENT_3D('',#2649,#2650,#2651);
#2649 = CARTESIAN_POINT('',(-7.863822870259,-7.863822870259,8.));
#2650 = DIRECTION('',(0.,0.,1.));
#2651 = DIRECTION('',(1.110223024625E-16,-1.,0.));
#2652 = ADVANCED_FACE('',(#2653,#2664),#2667,.T.);
#2653 = FACE_BOUND('',#2654,.T.);
#2654 = EDGE_LOOP('',(#2655));
#2655 = ORIENTED_EDGE('',*,*,#2656,.T.);
#2656 = EDGE_CURVE('',#2657,#2657,#2659,.T.);
#2657 = VERTEX_POINT('',#2658);
#2658 = CARTESIAN_POINT('',(6.,-1.469576158977E-15,23.));
#2659 = CIRCLE('',#2660,6.);
#2660 = AXIS2_PLACEMENT_3D('',#2661,#2662,#2663);
#2661 = CARTESIAN_POINT('',(0.,0.,23.));
#2662 = DIRECTION('',(0.,0.,1.));
#2663 = DIRECTION('',(1.,0.,0.));
#2664 = FACE_BOUND('',#2665,.T.);
#2665 = EDGE_LOOP('',(#2666));
#2666 = ORIENTED_EDGE('',*,*,#1380,.F.);
#2667 = PLANE('',#2668);
#2668 = AXIS2_PLACEMENT_3D('',#2669,#2670,#2671);
#2669 = CARTESIAN_POINT('',(0.,0.,23.));
#2670 = DIRECTION('',(0.,0.,1.));
#2671 = DIRECTION('',(1.,0.,0.));
#2672 = ADVANCED_FACE('',(#2673),#2685,.F.);
#2673 = FACE_BOUND('',#2674,.F.);
#2674 = EDGE_LOOP('',(#2675,#2676,#2677,#2678,#2679,#2680,#2681,#2682,
    #2683,#2684));
#2675 = ORIENTED_EDGE('',*,*,#1414,.T.);
#2676 = ORIENTED_EDGE('',*,*,#1471,.T.);
#2677 = ORIENTED_EDGE('',*,*,#1520,.F.);
#2678 = ORIENTED_EDGE('',*,*,#1569,.T.);
#2679 = ORIENTED_EDGE('',*,*,#1611,.T.);
#2680 = ORIENTED_EDGE('',*,*,#1635,.F.);
#2681 = ORIENTED_EDGE('',*,*,#1594,.T.);
#2682 = ORIENTED_EDGE('',*,*,#1544,.F.);
#2683 = ORIENTED_EDGE('',*,*,#1496,.T.);
#2684 = ORIENTED_EDGE('',*,*,#1446,.F.);
#2685 = PLANE('',#2686);
#2686 = AXIS2_PLACEMENT_3D('',#2687,#2688,#2689);
#2687 = CARTESIAN_POINT('',(7.863822870259,-7.863822870259,8.));
#2688 = DIRECTION('',(0.,0.,1.));
#2689 = DIRECTION('',(1.,0.,0.));
#2690 = ADVANCED_FACE('',(#2691),#2703,.F.);
#2691 = FACE_BOUND('',#2692,.F.);
#2692 = EDGE_LOOP('',(#2693,#2694,#2695,#2696,#2697,#2698,#2699,#2700,
    #2701,#2702));
#2693 = ORIENTED_EDGE('',*,*,#1660,.T.);
#2694 = ORIENTED_EDGE('',*,*,#1717,.T.);
#2695 = ORIENTED_EDGE('',*,*,#1766,.F.);
#2696 = ORIENTED_EDGE('',*,*,#1815,.T.);
#2697 = ORIENTED_EDGE('',*,*,#1857,.T.);
#2698 = ORIENTED_EDGE('',*,*,#1881,.T.);
#2699 = ORIENTED_EDGE('',*,*,#1840,.T.);
#2700 = ORIENTED_EDGE('',*,*,#1783,.T.);
#2701 = ORIENTED_EDGE('',*,*,#1742,.T.);
#2702 = ORIENTED_EDGE('',*,*,#1692,.F.);
#2703 = PLANE('',#2704);
#2704 = AXIS2_PLACEMENT_3D('',#2705,#2706,#2707);
#2705 = CARTESIAN_POINT('',(-7.863822870259,7.863822870259,8.));
#2706 = DIRECTION('',(0.,0.,1.));
#2707 = DIRECTION('',(-1.,-1.224646799147E-16,0.));
#2708 = ADVANCED_FACE('',(#2709),#2721,.F.);
#2709 = FACE_BOUND('',#2710,.F.);
#2710 = EDGE_LOOP('',(#2711,#2712,#2713,#2714,#2715,#2716,#2717,#2718,
    #2719,#2720));
#2711 = ORIENTED_EDGE('',*,*,#1906,.T.);
#2712 = ORIENTED_EDGE('',*,*,#1963,.T.);
#2713 = ORIENTED_EDGE('',*,*,#2012,.F.);
#2714 = ORIENTED_EDGE('',*,*,#2061,.T.);
#2715 = ORIENTED_EDGE('',*,*,#2103,.T.);
#2716 = ORIENTED_EDGE('',*,*,#2127,.T.);
#2717 = ORIENTED_EDGE('',*,*,#2086,.T.);
#2718 = ORIENTED_EDGE('',*,*,#2029,.T.);
#2719 = ORIENTED_EDGE('',*,*,#1988,.T.);
#2720 = ORIENTED_EDGE('',*,*,#1938,.F.);
#2721 = PLANE('',#2722);
#2722 = AXIS2_PLACEMENT_3D('',#2723,#2724,#2725);
#2723 = CARTESIAN_POINT('',(7.863822870259,7.863822870259,8.));
#2724 = DIRECTION('',(0.,0.,1.));
#2725 = DIRECTION('',(-2.22044604925E-16,1.,0.));
#2726 = ADVANCED_FACE('',(#2727),#2738,.F.);
#2727 = FACE_BOUND('',#2728,.F.);
#2728 = EDGE_LOOP('',(#2729,#2730,#2731,#2732));
#2729 = ORIENTED_EDGE('',*,*,#2350,.T.);
#2730 = ORIENTED_EDGE('',*,*,#2152,.F.);
#2731 = ORIENTED_EDGE('',*,*,#2310,.F.);
#2732 = ORIENTED_EDGE('',*,*,#2733,.T.);
#2733 = EDGE_CURVE('',#2302,#2351,#2734,.T.);
#2734 = LINE('',#2735,#2736);
#2735 = CARTESIAN_POINT('',(-7.25,-21.4,-16.));
#2736 = VECTOR('',#2737,1.);
#2737 = DIRECTION('',(1.,0.,0.));
#2738 = PLANE('',#2739);
#2739 = AXIS2_PLACEMENT_3D('',#2740,#2741,#2742);
#2740 = CARTESIAN_POINT('',(-7.25,-22.,-16.));
#2741 = DIRECTION('',(0.,0.,1.));
#2742 = DIRECTION('',(0.,1.,0.));
#2743 = ADVANCED_FACE('',(#2744,#2755),#2758,.F.);
#2744 = FACE_BOUND('',#2745,.F.);
#2745 = EDGE_LOOP('',(#2746,#2747,#2748,#2754));
#2746 = ORIENTED_EDGE('',*,*,#2235,.T.);
#2747 = ORIENTED_EDGE('',*,*,#2326,.T.);
#2748 = ORIENTED_EDGE('',*,*,#2749,.F.);
#2749 = EDGE_CURVE('',#2277,#2327,#2750,.T.);
#2750 = LINE('',#2751,#2752);
#2751 = CARTESIAN_POINT('',(-7.25,-22.,-15.4));
#2752 = VECTOR('',#2753,1.);
#2753 = DIRECTION('',(1.,0.,0.));
#2754 = ORIENTED_EDGE('',*,*,#2276,.F.);
#2755 = FACE_BOUND('',#2756,.F.);
#2756 = EDGE_LOOP('',(#2757));
#2757 = ORIENTED_EDGE('',*,*,#2184,.T.);
#2758 = PLANE('',#2759);
#2759 = AXIS2_PLACEMENT_3D('',#2760,#2761,#2762);
#2760 = CARTESIAN_POINT('',(-7.25,-22.,0.));
#2761 = DIRECTION('',(0.,1.,0.));
#2762 = DIRECTION('',(0.,0.,-1.));
#2763 = ADVANCED_FACE('',(#2764),#2775,.T.);
#2764 = FACE_BOUND('',#2765,.T.);
#2765 = EDGE_LOOP('',(#2766,#2773,#2774));
#2766 = ORIENTED_EDGE('',*,*,#2767,.F.);
#2767 = EDGE_CURVE('',#2277,#2302,#2768,.T.);
#2768 = CIRCLE('',#2769,0.6);
#2769 = AXIS2_PLACEMENT_3D('',#2770,#2771,#2772);
#2770 = CARTESIAN_POINT('',(-6.65,-21.4,-15.4));
#2771 = DIRECTION('',(1.,-0.,0.));
#2772 = DIRECTION('',(0.,0.,-1.));
#2773 = ORIENTED_EDGE('',*,*,#2284,.T.);
#2774 = ORIENTED_EDGE('',*,*,#2301,.F.);
#2775 = SPHERICAL_SURFACE('',#2776,0.6);
#2776 = AXIS2_PLACEMENT_3D('',#2777,#2778,#2779);
#2777 = CARTESIAN_POINT('',(-6.65,-21.4,-15.4));
#2778 = DIRECTION('',(0.,1.,0.));
#2779 = DIRECTION('',(0.,0.,-1.));
#2780 = ADVANCED_FACE('',(#2781),#2792,.T.);
#2781 = FACE_BOUND('',#2782,.F.);
#2782 = EDGE_LOOP('',(#2783,#2790,#2791));
#2783 = ORIENTED_EDGE('',*,*,#2784,.F.);
#2784 = EDGE_CURVE('',#2327,#2351,#2785,.T.);
#2785 = CIRCLE('',#2786,0.6);
#2786 = AXIS2_PLACEMENT_3D('',#2787,#2788,#2789);
#2787 = CARTESIAN_POINT('',(6.65,-21.4,-15.4));
#2788 = DIRECTION('',(1.,-0.,0.));
#2789 = DIRECTION('',(0.,0.,-1.));
#2790 = ORIENTED_EDGE('',*,*,#2334,.T.);
#2791 = ORIENTED_EDGE('',*,*,#2358,.F.);
#2792 = SPHERICAL_SURFACE('',#2793,0.6);
#2793 = AXIS2_PLACEMENT_3D('',#2794,#2795,#2796);
#2794 = CARTESIAN_POINT('',(6.65,-21.4,-15.4));
#2795 = DIRECTION('',(0.,1.,0.));
#2796 = DIRECTION('',(0.,0.,-1.));
#2797 = ADVANCED_FACE('',(#2798),#2817,.T.);
#2798 = FACE_BOUND('',#2799,.F.);
#2799 = EDGE_LOOP('',(#2800,#2808,#2815,#2816));
#2800 = ORIENTED_EDGE('',*,*,#2801,.T.);
#2801 = EDGE_CURVE('',#2395,#2802,#2804,.T.);
#2802 = VERTEX_POINT('',#2803);
#2803 = CARTESIAN_POINT('',(7.,0.,24.));
#2804 = LINE('',#2805,#2806);
#2805 = CARTESIAN_POINT('',(7.,0.,16.));
#2806 = VECTOR('',#2807,1.);
#2807 = DIRECTION('',(0.,0.,1.));
#2808 = ORIENTED_EDGE('',*,*,#2809,.T.);
#2809 = EDGE_CURVE('',#2802,#2802,#2810,.T.);
#2810 = CIRCLE('',#2811,7.);
#2811 = AXIS2_PLACEMENT_3D('',#2812,#2813,#2814);
#2812 = CARTESIAN_POINT('',(0.,0.,24.));
#2813 = DIRECTION('',(0.,0.,1.));
#2814 = DIRECTION('',(1.,0.,0.));
#2815 = ORIENTED_EDGE('',*,*,#2801,.F.);
#2816 = ORIENTED_EDGE('',*,*,#2394,.F.);
#2817 = CYLINDRICAL_SURFACE('',#2818,7.);
#2818 = AXIS2_PLACEMENT_3D('',#2819,#2820,#2821);
#2819 = CARTESIAN_POINT('',(0.,0.,16.));
#2820 = DIRECTION('',(-0.,-0.,-1.));
#2821 = DIRECTION('',(1.,0.,0.));
#2822 = ADVANCED_FACE('',(#2823,#2834),#2837,.T.);
#2823 = FACE_BOUND('',#2824,.T.);
#2824 = EDGE_LOOP('',(#2825,#2826,#2827,#2833));
#2825 = ORIENTED_EDGE('',*,*,#2411,.T.);
#2826 = ORIENTED_EDGE('',*,*,#2447,.T.);
#2827 = ORIENTED_EDGE('',*,*,#2828,.F.);
#2828 = EDGE_CURVE('',#2590,#2448,#2829,.T.);
#2829 = LINE('',#2830,#2831);
#2830 = CARTESIAN_POINT('',(22.,7.25,-15.4));
#2831 = VECTOR('',#2832,1.);
#2832 = DIRECTION('',(0.,-1.,2.22044604925E-16));
#2833 = ORIENTED_EDGE('',*,*,#2589,.F.);
#2834 = FACE_BOUND('',#2835,.T.);
#2835 = EDGE_LOOP('',(#2836));
#2836 = ORIENTED_EDGE('',*,*,#2554,.F.);
#2837 = PLANE('',#2838);
#2838 = AXIS2_PLACEMENT_3D('',#2839,#2840,#2841);
#2839 = CARTESIAN_POINT('',(22.,7.25,0.));
#2840 = DIRECTION('',(1.,0.,0.));
#2841 = DIRECTION('',(0.,-2.22044604925E-16,-1.));
#2842 = ADVANCED_FACE('',(#2843),#2854,.T.);
#2843 = FACE_BOUND('',#2844,.T.);
#2844 = EDGE_LOOP('',(#2845,#2852,#2853));
#2845 = ORIENTED_EDGE('',*,*,#2846,.F.);
#2846 = EDGE_CURVE('',#2448,#2472,#2847,.T.);
#2847 = CIRCLE('',#2848,0.6);
#2848 = AXIS2_PLACEMENT_3D('',#2849,#2850,#2851);
#2849 = CARTESIAN_POINT('',(21.4,-6.65,-15.4));
#2850 = DIRECTION('',(0.,1.,0.));
#2851 = DIRECTION('',(0.,0.,-1.));
#2852 = ORIENTED_EDGE('',*,*,#2455,.T.);
#2853 = ORIENTED_EDGE('',*,*,#2481,.F.);
#2854 = SPHERICAL_SURFACE('',#2855,0.6);
#2855 = AXIS2_PLACEMENT_3D('',#2856,#2857,#2858);
#2856 = CARTESIAN_POINT('',(21.4,-6.65,-15.4));
#2857 = DIRECTION('',(-1.,-0.,-0.));
#2858 = DIRECTION('',(0.,0.,-1.));
#2859 = ADVANCED_FACE('',(#2860),#2871,.T.);
#2860 = FACE_BOUND('',#2861,.T.);
#2861 = EDGE_LOOP('',(#2862,#2863,#2864,#2865));
#2862 = ORIENTED_EDGE('',*,*,#2471,.T.);
#2863 = ORIENTED_EDGE('',*,*,#2530,.F.);
#2864 = ORIENTED_EDGE('',*,*,#2623,.F.);
#2865 = ORIENTED_EDGE('',*,*,#2866,.T.);
#2866 = EDGE_CURVE('',#2615,#2472,#2867,.T.);
#2867 = LINE('',#2868,#2869);
#2868 = CARTESIAN_POINT('',(21.4,7.25,-16.));
#2869 = VECTOR('',#2870,1.);
#2870 = DIRECTION('',(0.,-1.,2.22044604925E-16));
#2871 = PLANE('',#2872);
#2872 = AXIS2_PLACEMENT_3D('',#2873,#2874,#2875);
#2873 = CARTESIAN_POINT('',(22.,7.25,-16.));
#2874 = DIRECTION('',(-0.,-2.22044604925E-16,-1.));
#2875 = DIRECTION('',(-1.,0.,0.));
#2876 = ADVANCED_FACE('',(#2877),#2888,.T.);
#2877 = FACE_BOUND('',#2878,.F.);
#2878 = EDGE_LOOP('',(#2879,#2886,#2887));
#2879 = ORIENTED_EDGE('',*,*,#2880,.F.);
#2880 = EDGE_CURVE('',#2590,#2615,#2881,.T.);
#2881 = CIRCLE('',#2882,0.6);
#2882 = AXIS2_PLACEMENT_3D('',#2883,#2884,#2885);
#2883 = CARTESIAN_POINT('',(21.4,6.65,-15.4));
#2884 = DIRECTION('',(0.,1.,0.));
#2885 = DIRECTION('',(0.,0.,-1.));
#2886 = ORIENTED_EDGE('',*,*,#2597,.T.);
#2887 = ORIENTED_EDGE('',*,*,#2614,.F.);
#2888 = SPHERICAL_SURFACE('',#2889,0.6);
#2889 = AXIS2_PLACEMENT_3D('',#2890,#2891,#2892);
#2890 = CARTESIAN_POINT('',(21.4,6.65,-15.4));
#2891 = DIRECTION('',(-1.,-0.,-0.));
#2892 = DIRECTION('',(0.,0.,-1.));
#2893 = ADVANCED_FACE('',(#2894),#2913,.F.);
#2894 = FACE_BOUND('',#2895,.T.);
#2895 = EDGE_LOOP('',(#2896,#2904,#2911,#2912));
#2896 = ORIENTED_EDGE('',*,*,#2897,.T.);
#2897 = EDGE_CURVE('',#2657,#2898,#2900,.T.);
#2898 = VERTEX_POINT('',#2899);
#2899 = CARTESIAN_POINT('',(6.,-1.469576158977E-15,24.));
#2900 = LINE('',#2901,#2902);
#2901 = CARTESIAN_POINT('',(6.,-1.469576158977E-15,23.));
#2902 = VECTOR('',#2903,1.);
#2903 = DIRECTION('',(0.,0.,1.));
#2904 = ORIENTED_EDGE('',*,*,#2905,.T.);
#2905 = EDGE_CURVE('',#2898,#2898,#2906,.T.);
#2906 = CIRCLE('',#2907,6.);
#2907 = AXIS2_PLACEMENT_3D('',#2908,#2909,#2910);
#2908 = CARTESIAN_POINT('',(0.,0.,24.));
#2909 = DIRECTION('',(0.,0.,1.));
#2910 = DIRECTION('',(1.,0.,0.));
#2911 = ORIENTED_EDGE('',*,*,#2897,.F.);
#2912 = ORIENTED_EDGE('',*,*,#2656,.F.);
#2913 = CYLINDRICAL_SURFACE('',#2914,6.);
#2914 = AXIS2_PLACEMENT_3D('',#2915,#2916,#2917);
#2915 = CARTESIAN_POINT('',(0.,0.,23.));
#2916 = DIRECTION('',(-0.,-0.,-1.));
#2917 = DIRECTION('',(1.,0.,0.));
#2918 = ADVANCED_FACE('',(#2919),#2925,.T.);
#2919 = FACE_BOUND('',#2920,.F.);
#2920 = EDGE_LOOP('',(#2921,#2922,#2923,#2924));
#2921 = ORIENTED_EDGE('',*,*,#2767,.F.);
#2922 = ORIENTED_EDGE('',*,*,#2749,.T.);
#2923 = ORIENTED_EDGE('',*,*,#2784,.T.);
#2924 = ORIENTED_EDGE('',*,*,#2733,.F.);
#2925 = CYLINDRICAL_SURFACE('',#2926,0.6);
#2926 = AXIS2_PLACEMENT_3D('',#2927,#2928,#2929);
#2927 = CARTESIAN_POINT('',(-7.25,-21.4,-15.4));
#2928 = DIRECTION('',(1.,0.,0.));
#2929 = DIRECTION('',(0.,0.,-1.));
#2930 = ADVANCED_FACE('',(#2931,#2934),#2937,.T.);
#2931 = FACE_BOUND('',#2932,.T.);
#2932 = EDGE_LOOP('',(#2933));
#2933 = ORIENTED_EDGE('',*,*,#2809,.T.);
#2934 = FACE_BOUND('',#2935,.T.);
#2935 = EDGE_LOOP('',(#2936));
#2936 = ORIENTED_EDGE('',*,*,#2905,.F.);
#2937 = PLANE('',#2938);
#2938 = AXIS2_PLACEMENT_3D('',#2939,#2940,#2941);
#2939 = CARTESIAN_POINT('',(-3.906971807255E-16,-2.85750919801E-16,24.)
  );
#2940 = DIRECTION('',(0.,0.,1.));
#2941 = DIRECTION('',(1.,0.,0.));
#2942 = ADVANCED_FACE('',(#2943),#2949,.T.);
#2943 = FACE_BOUND('',#2944,.T.);
#2944 = EDGE_LOOP('',(#2945,#2946,#2947,#2948));
#2945 = ORIENTED_EDGE('',*,*,#2880,.F.);
#2946 = ORIENTED_EDGE('',*,*,#2828,.T.);
#2947 = ORIENTED_EDGE('',*,*,#2846,.T.);
#2948 = ORIENTED_EDGE('',*,*,#2866,.F.);
#2949 = CYLINDRICAL_SURFACE('',#2950,0.6);
#2950 = AXIS2_PLACEMENT_3D('',#2951,#2952,#2953);
#2951 = CARTESIAN_POINT('',(21.4,7.25,-15.4));
#2952 = DIRECTION('',(0.,-1.,2.22044604925E-16));
#2953 = DIRECTION('',(-0.,-2.22044604925E-16,-1.));
#2954 = ( GEOMETRIC_REPRESENTATION_CONTEXT(3) 
GLOBAL_UNCERTAINTY_ASSIGNED_CONTEXT((#2958)) 
GLOBAL_UNIT_ASSIGNED_CONTEXT((#2955,#2956,#2957)) REPRESENTATION_CONTEXT
('Context #1','3D Context with UNIT and UNCERTAINTY') );
#2955 = ( LENGTH_UNIT() NAMED_UNIT(*) SI_UNIT(.MILLI.,.METRE.) );
#2956 = ( NAMED_UNIT(*) PLANE_ANGLE_UNIT() SI_UNIT($,.RADIAN.) );
#2957 = ( NAMED_UNIT(*) SI_UNIT($,.STERADIAN.) SOLID_ANGLE_UNIT() );
#2958 = UNCERTAINTY_MEASURE_WITH_UNIT(LENGTH_MEASURE(2.E-06),#2955,
  'distance_accuracy_value','confusion accuracy');
#2959 = PRODUCT_RELATED_PRODUCT_CATEGORY('part',$,(#7));
#2960 = MECHANICAL_DESIGN_GEOMETRIC_PRESENTATION_REPRESENTATION('',(
    #2961),#2954);
#2961 = STYLED_ITEM('color',(#2962),#15);
#2962 = PRESENTATION_STYLE_ASSIGNMENT((#2963,#2969));
#2963 = SURFACE_STYLE_USAGE(.BOTH.,#2964);
#2964 = SURFACE_SIDE_STYLE('',(#2965));
#2965 = SURFACE_STYLE_FILL_AREA(#2966);
#2966 = FILL_AREA_STYLE('',(#2967));
#2967 = FILL_AREA_STYLE_COLOUR('',#2968);
#2968 = COLOUR_RGB('',0.910000038574,0.910000038574,0.910000038574);
#2969 = CURVE_STYLE('',#2970,POSITIVE_LENGTH_MEASURE(0.1),#2971);
#2970 = DRAUGHTING_PRE_DEFINED_CURVE_FONT('continuous');
#2971 = COLOUR_RGB('',0.282352953742,0.282352953742,0.282352953742);
ENDSEC;
END-ISO-10303-21;
